Created by PLY version 3.11 (http://www.dabeaz.com/ply)

Unused terminals:

    COLON
    COMPLEX
    DATA
    DIMENSION
    DOUBLE
    PARAMETER
    PRECISION

Grammar

Rule 0     S' -> start
Rule 1     start -> program_unit_list
Rule 2     program_unit_list -> program_unit program_unit_list
Rule 3     program_unit_list -> program_unit
Rule 4     program_unit -> main_program
Rule 5     program_unit -> subroutine_definition
Rule 6     program_unit -> function_definition
Rule 7     main_program -> PROGRAM ID statement_list END
Rule 8     subroutine_definition -> SUBROUTINE ID LPAREN param_list RPAREN statement_list END
Rule 9     function_definition -> type FUNCTION ID LPAREN param_list RPAREN statement_list END
Rule 10    param_list -> ID COMMA param_list
Rule 11    param_list -> ID
Rule 12    param_list -> empty
Rule 13    statement_list -> statement statement_list
Rule 14    statement_list -> empty
Rule 15    statement -> label_opt declaration
Rule 16    statement -> label_opt assignment
Rule 17    statement -> label_opt print_stmt
Rule 18    statement -> label_opt read_stmt
Rule 19    statement -> label_opt if_stmt
Rule 20    statement -> label_opt do_stmt
Rule 21    statement -> label_opt continue_stmt
Rule 22    statement -> label_opt goto_stmt
Rule 23    statement -> label_opt call_stmt
Rule 24    statement -> label_opt return_stmt
Rule 25    label_opt -> INT_CONST
Rule 26    label_opt -> empty
Rule 27    declaration -> type id_list_decl
Rule 28    type -> INTEGER
Rule 29    type -> REAL
Rule 30    type -> LOGICAL
Rule 31    type -> CHARACTER
Rule 32    id_list_decl -> id_decl COMMA id_list_decl
Rule 33    id_list_decl -> id_decl
Rule 34    id_decl -> ID LPAREN INT_CONST RPAREN
Rule 35    id_decl -> ID
Rule 36    assignment -> ID ASSIGN expr
Rule 37    assignment -> ID LPAREN expr RPAREN ASSIGN expr
Rule 38    print_stmt -> PRINT STAR COMMA print_list
Rule 39    print_list -> expr COMMA print_list
Rule 40    print_list -> expr
Rule 41    read_stmt -> READ STAR COMMA ID
Rule 42    read_stmt -> READ STAR COMMA ID LPAREN expr RPAREN
Rule 43    if_stmt -> IF LPAREN expr RPAREN THEN statement_list ELSE statement_list ENDIF
Rule 44    if_stmt -> IF LPAREN expr RPAREN THEN statement_list ENDIF
Rule 45    do_stmt -> DO INT_CONST ID ASSIGN expr COMMA expr
Rule 46    continue_stmt -> CONTINUE
Rule 47    goto_stmt -> GOTO INT_CONST
Rule 48    call_stmt -> CALL ID LPAREN arg_list RPAREN
Rule 49    return_stmt -> RETURN
Rule 50    expr -> expr PLUS expr
Rule 51    expr -> expr MINUS expr
Rule 52    expr -> expr STAR expr
Rule 53    expr -> expr DIVIDE expr
Rule 54    expr -> expr POW expr
Rule 55    expr -> expr EQ expr
Rule 56    expr -> expr NE expr
Rule 57    expr -> expr GT expr
Rule 58    expr -> expr GE expr
Rule 59    expr -> expr LT expr
Rule 60    expr -> expr LE expr
Rule 61    expr -> expr AND expr
Rule 62    expr -> expr OR expr
Rule 63    expr -> MINUS expr
Rule 64    expr -> NOT expr
Rule 65    expr -> LPAREN expr RPAREN
Rule 66    expr -> ID LPAREN arg_list RPAREN
Rule 67    expr -> MOD LPAREN arg_list RPAREN
Rule 68    expr -> ID
Rule 69    expr -> INT_CONST
Rule 70    expr -> REAL_CONST
Rule 71    expr -> STRING_CONST
Rule 72    expr -> TRUE
Rule 73    expr -> FALSE
Rule 74    arg_list -> expr COMMA arg_list
Rule 75    arg_list -> expr
Rule 76    arg_list -> empty
Rule 77    empty -> <empty>

Terminals, with rules where they appear

AND                  : 61
ASSIGN               : 36 37 45
CALL                 : 48
CHARACTER            : 31
COLON                : 
COMMA                : 10 32 38 39 41 42 45 74
COMPLEX              : 
CONTINUE             : 46
DATA                 : 
DIMENSION            : 
DIVIDE               : 53
DO                   : 45
DOUBLE               : 
ELSE                 : 43
END                  : 7 8 9
ENDIF                : 43 44
EQ                   : 55
FALSE                : 73
FUNCTION             : 9
GE                   : 58
GOTO                 : 47
GT                   : 57
ID                   : 7 8 9 10 11 34 35 36 37 41 42 45 48 66 68
IF                   : 43 44
INTEGER              : 28
INT_CONST            : 25 34 45 47 69
LE                   : 60
LOGICAL              : 30
LPAREN               : 8 9 34 37 42 43 44 48 65 66 67
LT                   : 59
MINUS                : 51 63
MOD                  : 67
NE                   : 56
NOT                  : 64
OR                   : 62
PARAMETER            : 
PLUS                 : 50
POW                  : 54
PRECISION            : 
PRINT                : 38
PROGRAM              : 7
READ                 : 41 42
REAL                 : 29
REAL_CONST           : 70
RETURN               : 49
RPAREN               : 8 9 34 37 42 43 44 48 65 66 67
STAR                 : 38 41 42 52
STRING_CONST         : 71
SUBROUTINE           : 8
THEN                 : 43 44
TRUE                 : 72
error                : 

Nonterminals, with rules where they appear

arg_list             : 48 66 67 74
assignment           : 16
call_stmt            : 23
continue_stmt        : 21
declaration          : 15
do_stmt              : 20
empty                : 12 14 26 76
expr                 : 36 37 37 39 40 42 43 44 45 45 50 50 51 51 52 52 53 53 54 54 55 55 56 56 57 57 58 58 59 59 60 60 61 61 62 62 63 64 65 74 75
function_definition  : 6
goto_stmt            : 22
id_decl              : 32 33
id_list_decl         : 27 32
if_stmt              : 19
label_opt            : 15 16 17 18 19 20 21 22 23 24
main_program         : 4
param_list           : 8 9 10
print_list           : 38 39
print_stmt           : 17
program_unit         : 2 3
program_unit_list    : 1 2
read_stmt            : 18
return_stmt          : 24
start                : 0
statement            : 13
statement_list       : 7 8 9 13 43 43 44
subroutine_definition : 5
type                 : 9 27

Parsing method: LALR

state 0

    (0) S' -> . start
    (1) start -> . program_unit_list
    (2) program_unit_list -> . program_unit program_unit_list
    (3) program_unit_list -> . program_unit
    (4) program_unit -> . main_program
    (5) program_unit -> . subroutine_definition
    (6) program_unit -> . function_definition
    (7) main_program -> . PROGRAM ID statement_list END
    (8) subroutine_definition -> . SUBROUTINE ID LPAREN param_list RPAREN statement_list END
    (9) function_definition -> . type FUNCTION ID LPAREN param_list RPAREN statement_list END
    (28) type -> . INTEGER
    (29) type -> . REAL
    (30) type -> . LOGICAL
    (31) type -> . CHARACTER

    PROGRAM         shift and go to state 7
    SUBROUTINE      shift and go to state 8
    INTEGER         shift and go to state 10
    REAL            shift and go to state 11
    LOGICAL         shift and go to state 12
    CHARACTER       shift and go to state 13

    start                          shift and go to state 1
    program_unit_list              shift and go to state 2
    program_unit                   shift and go to state 3
    main_program                   shift and go to state 4
    subroutine_definition          shift and go to state 5
    function_definition            shift and go to state 6
    type                           shift and go to state 9

state 1

    (0) S' -> start .



state 2

    (1) start -> program_unit_list .

    $end            reduce using rule 1 (start -> program_unit_list .)


state 3

    (2) program_unit_list -> program_unit . program_unit_list
    (3) program_unit_list -> program_unit .
    (2) program_unit_list -> . program_unit program_unit_list
    (3) program_unit_list -> . program_unit
    (4) program_unit -> . main_program
    (5) program_unit -> . subroutine_definition
    (6) program_unit -> . function_definition
    (7) main_program -> . PROGRAM ID statement_list END
    (8) subroutine_definition -> . SUBROUTINE ID LPAREN param_list RPAREN statement_list END
    (9) function_definition -> . type FUNCTION ID LPAREN param_list RPAREN statement_list END
    (28) type -> . INTEGER
    (29) type -> . REAL
    (30) type -> . LOGICAL
    (31) type -> . CHARACTER

    $end            reduce using rule 3 (program_unit_list -> program_unit .)
    PROGRAM         shift and go to state 7
    SUBROUTINE      shift and go to state 8
    INTEGER         shift and go to state 10
    REAL            shift and go to state 11
    LOGICAL         shift and go to state 12
    CHARACTER       shift and go to state 13

    program_unit                   shift and go to state 3
    program_unit_list              shift and go to state 14
    main_program                   shift and go to state 4
    subroutine_definition          shift and go to state 5
    function_definition            shift and go to state 6
    type                           shift and go to state 9

state 4

    (4) program_unit -> main_program .

    PROGRAM         reduce using rule 4 (program_unit -> main_program .)
    SUBROUTINE      reduce using rule 4 (program_unit -> main_program .)
    INTEGER         reduce using rule 4 (program_unit -> main_program .)
    REAL            reduce using rule 4 (program_unit -> main_program .)
    LOGICAL         reduce using rule 4 (program_unit -> main_program .)
    CHARACTER       reduce using rule 4 (program_unit -> main_program .)
    $end            reduce using rule 4 (program_unit -> main_program .)


state 5

    (5) program_unit -> subroutine_definition .

    PROGRAM         reduce using rule 5 (program_unit -> subroutine_definition .)
    SUBROUTINE      reduce using rule 5 (program_unit -> subroutine_definition .)
    INTEGER         reduce using rule 5 (program_unit -> subroutine_definition .)
    REAL            reduce using rule 5 (program_unit -> subroutine_definition .)
    LOGICAL         reduce using rule 5 (program_unit -> subroutine_definition .)
    CHARACTER       reduce using rule 5 (program_unit -> subroutine_definition .)
    $end            reduce using rule 5 (program_unit -> subroutine_definition .)


state 6

    (6) program_unit -> function_definition .

    PROGRAM         reduce using rule 6 (program_unit -> function_definition .)
    SUBROUTINE      reduce using rule 6 (program_unit -> function_definition .)
    INTEGER         reduce using rule 6 (program_unit -> function_definition .)
    REAL            reduce using rule 6 (program_unit -> function_definition .)
    LOGICAL         reduce using rule 6 (program_unit -> function_definition .)
    CHARACTER       reduce using rule 6 (program_unit -> function_definition .)
    $end            reduce using rule 6 (program_unit -> function_definition .)


state 7

    (7) main_program -> PROGRAM . ID statement_list END

    ID              shift and go to state 15


state 8

    (8) subroutine_definition -> SUBROUTINE . ID LPAREN param_list RPAREN statement_list END

    ID              shift and go to state 16


state 9

    (9) function_definition -> type . FUNCTION ID LPAREN param_list RPAREN statement_list END

    FUNCTION        shift and go to state 17


state 10

    (28) type -> INTEGER .

    FUNCTION        reduce using rule 28 (type -> INTEGER .)
    ID              reduce using rule 28 (type -> INTEGER .)


state 11

    (29) type -> REAL .

    FUNCTION        reduce using rule 29 (type -> REAL .)
    ID              reduce using rule 29 (type -> REAL .)


state 12

    (30) type -> LOGICAL .

    FUNCTION        reduce using rule 30 (type -> LOGICAL .)
    ID              reduce using rule 30 (type -> LOGICAL .)


state 13

    (31) type -> CHARACTER .

    FUNCTION        reduce using rule 31 (type -> CHARACTER .)
    ID              reduce using rule 31 (type -> CHARACTER .)


state 14

    (2) program_unit_list -> program_unit program_unit_list .

    $end            reduce using rule 2 (program_unit_list -> program_unit program_unit_list .)


state 15

    (7) main_program -> PROGRAM ID . statement_list END
    (13) statement_list -> . statement statement_list
    (14) statement_list -> . empty
    (15) statement -> . label_opt declaration
    (16) statement -> . label_opt assignment
    (17) statement -> . label_opt print_stmt
    (18) statement -> . label_opt read_stmt
    (19) statement -> . label_opt if_stmt
    (20) statement -> . label_opt do_stmt
    (21) statement -> . label_opt continue_stmt
    (22) statement -> . label_opt goto_stmt
    (23) statement -> . label_opt call_stmt
    (24) statement -> . label_opt return_stmt
    (77) empty -> .
    (25) label_opt -> . INT_CONST
    (26) label_opt -> . empty

    END             reduce using rule 77 (empty -> .)
    ID              reduce using rule 77 (empty -> .)
    PRINT           reduce using rule 77 (empty -> .)
    READ            reduce using rule 77 (empty -> .)
    IF              reduce using rule 77 (empty -> .)
    DO              reduce using rule 77 (empty -> .)
    CONTINUE        reduce using rule 77 (empty -> .)
    GOTO            reduce using rule 77 (empty -> .)
    CALL            reduce using rule 77 (empty -> .)
    RETURN          reduce using rule 77 (empty -> .)
    INTEGER         reduce using rule 77 (empty -> .)
    REAL            reduce using rule 77 (empty -> .)
    LOGICAL         reduce using rule 77 (empty -> .)
    CHARACTER       reduce using rule 77 (empty -> .)
    INT_CONST       shift and go to state 22

    statement_list                 shift and go to state 18
    statement                      shift and go to state 19
    empty                          shift and go to state 20
    label_opt                      shift and go to state 21

state 16

    (8) subroutine_definition -> SUBROUTINE ID . LPAREN param_list RPAREN statement_list END

    LPAREN          shift and go to state 23


state 17

    (9) function_definition -> type FUNCTION . ID LPAREN param_list RPAREN statement_list END

    ID              shift and go to state 24


state 18

    (7) main_program -> PROGRAM ID statement_list . END

    END             shift and go to state 25


state 19

    (13) statement_list -> statement . statement_list
    (13) statement_list -> . statement statement_list
    (14) statement_list -> . empty
    (15) statement -> . label_opt declaration
    (16) statement -> . label_opt assignment
    (17) statement -> . label_opt print_stmt
    (18) statement -> . label_opt read_stmt
    (19) statement -> . label_opt if_stmt
    (20) statement -> . label_opt do_stmt
    (21) statement -> . label_opt continue_stmt
    (22) statement -> . label_opt goto_stmt
    (23) statement -> . label_opt call_stmt
    (24) statement -> . label_opt return_stmt
    (77) empty -> .
    (25) label_opt -> . INT_CONST
    (26) label_opt -> . empty

    END             reduce using rule 77 (empty -> .)
    ELSE            reduce using rule 77 (empty -> .)
    ENDIF           reduce using rule 77 (empty -> .)
    ID              reduce using rule 77 (empty -> .)
    PRINT           reduce using rule 77 (empty -> .)
    READ            reduce using rule 77 (empty -> .)
    IF              reduce using rule 77 (empty -> .)
    DO              reduce using rule 77 (empty -> .)
    CONTINUE        reduce using rule 77 (empty -> .)
    GOTO            reduce using rule 77 (empty -> .)
    CALL            reduce using rule 77 (empty -> .)
    RETURN          reduce using rule 77 (empty -> .)
    INTEGER         reduce using rule 77 (empty -> .)
    REAL            reduce using rule 77 (empty -> .)
    LOGICAL         reduce using rule 77 (empty -> .)
    CHARACTER       reduce using rule 77 (empty -> .)
    INT_CONST       shift and go to state 22

    statement                      shift and go to state 19
    statement_list                 shift and go to state 26
    empty                          shift and go to state 20
    label_opt                      shift and go to state 21

state 20

    (14) statement_list -> empty .
    (26) label_opt -> empty .

    END             reduce using rule 14 (statement_list -> empty .)
    ELSE            reduce using rule 14 (statement_list -> empty .)
    ENDIF           reduce using rule 14 (statement_list -> empty .)
    ID              reduce using rule 26 (label_opt -> empty .)
    PRINT           reduce using rule 26 (label_opt -> empty .)
    READ            reduce using rule 26 (label_opt -> empty .)
    IF              reduce using rule 26 (label_opt -> empty .)
    DO              reduce using rule 26 (label_opt -> empty .)
    CONTINUE        reduce using rule 26 (label_opt -> empty .)
    GOTO            reduce using rule 26 (label_opt -> empty .)
    CALL            reduce using rule 26 (label_opt -> empty .)
    RETURN          reduce using rule 26 (label_opt -> empty .)
    INTEGER         reduce using rule 26 (label_opt -> empty .)
    REAL            reduce using rule 26 (label_opt -> empty .)
    LOGICAL         reduce using rule 26 (label_opt -> empty .)
    CHARACTER       reduce using rule 26 (label_opt -> empty .)


state 21

    (15) statement -> label_opt . declaration
    (16) statement -> label_opt . assignment
    (17) statement -> label_opt . print_stmt
    (18) statement -> label_opt . read_stmt
    (19) statement -> label_opt . if_stmt
    (20) statement -> label_opt . do_stmt
    (21) statement -> label_opt . continue_stmt
    (22) statement -> label_opt . goto_stmt
    (23) statement -> label_opt . call_stmt
    (24) statement -> label_opt . return_stmt
    (27) declaration -> . type id_list_decl
    (36) assignment -> . ID ASSIGN expr
    (37) assignment -> . ID LPAREN expr RPAREN ASSIGN expr
    (38) print_stmt -> . PRINT STAR COMMA print_list
    (41) read_stmt -> . READ STAR COMMA ID
    (42) read_stmt -> . READ STAR COMMA ID LPAREN expr RPAREN
    (43) if_stmt -> . IF LPAREN expr RPAREN THEN statement_list ELSE statement_list ENDIF
    (44) if_stmt -> . IF LPAREN expr RPAREN THEN statement_list ENDIF
    (45) do_stmt -> . DO INT_CONST ID ASSIGN expr COMMA expr
    (46) continue_stmt -> . CONTINUE
    (47) goto_stmt -> . GOTO INT_CONST
    (48) call_stmt -> . CALL ID LPAREN arg_list RPAREN
    (49) return_stmt -> . RETURN
    (28) type -> . INTEGER
    (29) type -> . REAL
    (30) type -> . LOGICAL
    (31) type -> . CHARACTER

    ID              shift and go to state 38
    PRINT           shift and go to state 39
    READ            shift and go to state 40
    IF              shift and go to state 41
    DO              shift and go to state 42
    CONTINUE        shift and go to state 43
    GOTO            shift and go to state 44
    CALL            shift and go to state 45
    RETURN          shift and go to state 46
    INTEGER         shift and go to state 10
    REAL            shift and go to state 11
    LOGICAL         shift and go to state 12
    CHARACTER       shift and go to state 13

    declaration                    shift and go to state 27
    assignment                     shift and go to state 28
    print_stmt                     shift and go to state 29
    read_stmt                      shift and go to state 30
    if_stmt                        shift and go to state 31
    do_stmt                        shift and go to state 32
    continue_stmt                  shift and go to state 33
    goto_stmt                      shift and go to state 34
    call_stmt                      shift and go to state 35
    return_stmt                    shift and go to state 36
    type                           shift and go to state 37

state 22

    (25) label_opt -> INT_CONST .

    ID              reduce using rule 25 (label_opt -> INT_CONST .)
    PRINT           reduce using rule 25 (label_opt -> INT_CONST .)
    READ            reduce using rule 25 (label_opt -> INT_CONST .)
    IF              reduce using rule 25 (label_opt -> INT_CONST .)
    DO              reduce using rule 25 (label_opt -> INT_CONST .)
    CONTINUE        reduce using rule 25 (label_opt -> INT_CONST .)
    GOTO            reduce using rule 25 (label_opt -> INT_CONST .)
    CALL            reduce using rule 25 (label_opt -> INT_CONST .)
    RETURN          reduce using rule 25 (label_opt -> INT_CONST .)
    INTEGER         reduce using rule 25 (label_opt -> INT_CONST .)
    REAL            reduce using rule 25 (label_opt -> INT_CONST .)
    LOGICAL         reduce using rule 25 (label_opt -> INT_CONST .)
    CHARACTER       reduce using rule 25 (label_opt -> INT_CONST .)


state 23

    (8) subroutine_definition -> SUBROUTINE ID LPAREN . param_list RPAREN statement_list END
    (10) param_list -> . ID COMMA param_list
    (11) param_list -> . ID
    (12) param_list -> . empty
    (77) empty -> .

    ID              shift and go to state 47
    RPAREN          reduce using rule 77 (empty -> .)

    param_list                     shift and go to state 48
    empty                          shift and go to state 49

state 24

    (9) function_definition -> type FUNCTION ID . LPAREN param_list RPAREN statement_list END

    LPAREN          shift and go to state 50


state 25

    (7) main_program -> PROGRAM ID statement_list END .

    PROGRAM         reduce using rule 7 (main_program -> PROGRAM ID statement_list END .)
    SUBROUTINE      reduce using rule 7 (main_program -> PROGRAM ID statement_list END .)
    INTEGER         reduce using rule 7 (main_program -> PROGRAM ID statement_list END .)
    REAL            reduce using rule 7 (main_program -> PROGRAM ID statement_list END .)
    LOGICAL         reduce using rule 7 (main_program -> PROGRAM ID statement_list END .)
    CHARACTER       reduce using rule 7 (main_program -> PROGRAM ID statement_list END .)
    $end            reduce using rule 7 (main_program -> PROGRAM ID statement_list END .)


state 26

    (13) statement_list -> statement statement_list .

    END             reduce using rule 13 (statement_list -> statement statement_list .)
    ELSE            reduce using rule 13 (statement_list -> statement statement_list .)
    ENDIF           reduce using rule 13 (statement_list -> statement statement_list .)


state 27

    (15) statement -> label_opt declaration .

    INT_CONST       reduce using rule 15 (statement -> label_opt declaration .)
    ID              reduce using rule 15 (statement -> label_opt declaration .)
    PRINT           reduce using rule 15 (statement -> label_opt declaration .)
    READ            reduce using rule 15 (statement -> label_opt declaration .)
    IF              reduce using rule 15 (statement -> label_opt declaration .)
    DO              reduce using rule 15 (statement -> label_opt declaration .)
    CONTINUE        reduce using rule 15 (statement -> label_opt declaration .)
    GOTO            reduce using rule 15 (statement -> label_opt declaration .)
    CALL            reduce using rule 15 (statement -> label_opt declaration .)
    RETURN          reduce using rule 15 (statement -> label_opt declaration .)
    INTEGER         reduce using rule 15 (statement -> label_opt declaration .)
    REAL            reduce using rule 15 (statement -> label_opt declaration .)
    LOGICAL         reduce using rule 15 (statement -> label_opt declaration .)
    CHARACTER       reduce using rule 15 (statement -> label_opt declaration .)
    END             reduce using rule 15 (statement -> label_opt declaration .)
    ELSE            reduce using rule 15 (statement -> label_opt declaration .)
    ENDIF           reduce using rule 15 (statement -> label_opt declaration .)


state 28

    (16) statement -> label_opt assignment .

    INT_CONST       reduce using rule 16 (statement -> label_opt assignment .)
    ID              reduce using rule 16 (statement -> label_opt assignment .)
    PRINT           reduce using rule 16 (statement -> label_opt assignment .)
    READ            reduce using rule 16 (statement -> label_opt assignment .)
    IF              reduce using rule 16 (statement -> label_opt assignment .)
    DO              reduce using rule 16 (statement -> label_opt assignment .)
    CONTINUE        reduce using rule 16 (statement -> label_opt assignment .)
    GOTO            reduce using rule 16 (statement -> label_opt assignment .)
    CALL            reduce using rule 16 (statement -> label_opt assignment .)
    RETURN          reduce using rule 16 (statement -> label_opt assignment .)
    INTEGER         reduce using rule 16 (statement -> label_opt assignment .)
    REAL            reduce using rule 16 (statement -> label_opt assignment .)
    LOGICAL         reduce using rule 16 (statement -> label_opt assignment .)
    CHARACTER       reduce using rule 16 (statement -> label_opt assignment .)
    END             reduce using rule 16 (statement -> label_opt assignment .)
    ELSE            reduce using rule 16 (statement -> label_opt assignment .)
    ENDIF           reduce using rule 16 (statement -> label_opt assignment .)


state 29

    (17) statement -> label_opt print_stmt .

    INT_CONST       reduce using rule 17 (statement -> label_opt print_stmt .)
    ID              reduce using rule 17 (statement -> label_opt print_stmt .)
    PRINT           reduce using rule 17 (statement -> label_opt print_stmt .)
    READ            reduce using rule 17 (statement -> label_opt print_stmt .)
    IF              reduce using rule 17 (statement -> label_opt print_stmt .)
    DO              reduce using rule 17 (statement -> label_opt print_stmt .)
    CONTINUE        reduce using rule 17 (statement -> label_opt print_stmt .)
    GOTO            reduce using rule 17 (statement -> label_opt print_stmt .)
    CALL            reduce using rule 17 (statement -> label_opt print_stmt .)
    RETURN          reduce using rule 17 (statement -> label_opt print_stmt .)
    INTEGER         reduce using rule 17 (statement -> label_opt print_stmt .)
    REAL            reduce using rule 17 (statement -> label_opt print_stmt .)
    LOGICAL         reduce using rule 17 (statement -> label_opt print_stmt .)
    CHARACTER       reduce using rule 17 (statement -> label_opt print_stmt .)
    END             reduce using rule 17 (statement -> label_opt print_stmt .)
    ELSE            reduce using rule 17 (statement -> label_opt print_stmt .)
    ENDIF           reduce using rule 17 (statement -> label_opt print_stmt .)


state 30

    (18) statement -> label_opt read_stmt .

    INT_CONST       reduce using rule 18 (statement -> label_opt read_stmt .)
    ID              reduce using rule 18 (statement -> label_opt read_stmt .)
    PRINT           reduce using rule 18 (statement -> label_opt read_stmt .)
    READ            reduce using rule 18 (statement -> label_opt read_stmt .)
    IF              reduce using rule 18 (statement -> label_opt read_stmt .)
    DO              reduce using rule 18 (statement -> label_opt read_stmt .)
    CONTINUE        reduce using rule 18 (statement -> label_opt read_stmt .)
    GOTO            reduce using rule 18 (statement -> label_opt read_stmt .)
    CALL            reduce using rule 18 (statement -> label_opt read_stmt .)
    RETURN          reduce using rule 18 (statement -> label_opt read_stmt .)
    INTEGER         reduce using rule 18 (statement -> label_opt read_stmt .)
    REAL            reduce using rule 18 (statement -> label_opt read_stmt .)
    LOGICAL         reduce using rule 18 (statement -> label_opt read_stmt .)
    CHARACTER       reduce using rule 18 (statement -> label_opt read_stmt .)
    END             reduce using rule 18 (statement -> label_opt read_stmt .)
    ELSE            reduce using rule 18 (statement -> label_opt read_stmt .)
    ENDIF           reduce using rule 18 (statement -> label_opt read_stmt .)


state 31

    (19) statement -> label_opt if_stmt .

    INT_CONST       reduce using rule 19 (statement -> label_opt if_stmt .)
    ID              reduce using rule 19 (statement -> label_opt if_stmt .)
    PRINT           reduce using rule 19 (statement -> label_opt if_stmt .)
    READ            reduce using rule 19 (statement -> label_opt if_stmt .)
    IF              reduce using rule 19 (statement -> label_opt if_stmt .)
    DO              reduce using rule 19 (statement -> label_opt if_stmt .)
    CONTINUE        reduce using rule 19 (statement -> label_opt if_stmt .)
    GOTO            reduce using rule 19 (statement -> label_opt if_stmt .)
    CALL            reduce using rule 19 (statement -> label_opt if_stmt .)
    RETURN          reduce using rule 19 (statement -> label_opt if_stmt .)
    INTEGER         reduce using rule 19 (statement -> label_opt if_stmt .)
    REAL            reduce using rule 19 (statement -> label_opt if_stmt .)
    LOGICAL         reduce using rule 19 (statement -> label_opt if_stmt .)
    CHARACTER       reduce using rule 19 (statement -> label_opt if_stmt .)
    END             reduce using rule 19 (statement -> label_opt if_stmt .)
    ELSE            reduce using rule 19 (statement -> label_opt if_stmt .)
    ENDIF           reduce using rule 19 (statement -> label_opt if_stmt .)


state 32

    (20) statement -> label_opt do_stmt .

    INT_CONST       reduce using rule 20 (statement -> label_opt do_stmt .)
    ID              reduce using rule 20 (statement -> label_opt do_stmt .)
    PRINT           reduce using rule 20 (statement -> label_opt do_stmt .)
    READ            reduce using rule 20 (statement -> label_opt do_stmt .)
    IF              reduce using rule 20 (statement -> label_opt do_stmt .)
    DO              reduce using rule 20 (statement -> label_opt do_stmt .)
    CONTINUE        reduce using rule 20 (statement -> label_opt do_stmt .)
    GOTO            reduce using rule 20 (statement -> label_opt do_stmt .)
    CALL            reduce using rule 20 (statement -> label_opt do_stmt .)
    RETURN          reduce using rule 20 (statement -> label_opt do_stmt .)
    INTEGER         reduce using rule 20 (statement -> label_opt do_stmt .)
    REAL            reduce using rule 20 (statement -> label_opt do_stmt .)
    LOGICAL         reduce using rule 20 (statement -> label_opt do_stmt .)
    CHARACTER       reduce using rule 20 (statement -> label_opt do_stmt .)
    END             reduce using rule 20 (statement -> label_opt do_stmt .)
    ELSE            reduce using rule 20 (statement -> label_opt do_stmt .)
    ENDIF           reduce using rule 20 (statement -> label_opt do_stmt .)


state 33

    (21) statement -> label_opt continue_stmt .

    INT_CONST       reduce using rule 21 (statement -> label_opt continue_stmt .)
    ID              reduce using rule 21 (statement -> label_opt continue_stmt .)
    PRINT           reduce using rule 21 (statement -> label_opt continue_stmt .)
    READ            reduce using rule 21 (statement -> label_opt continue_stmt .)
    IF              reduce using rule 21 (statement -> label_opt continue_stmt .)
    DO              reduce using rule 21 (statement -> label_opt continue_stmt .)
    CONTINUE        reduce using rule 21 (statement -> label_opt continue_stmt .)
    GOTO            reduce using rule 21 (statement -> label_opt continue_stmt .)
    CALL            reduce using rule 21 (statement -> label_opt continue_stmt .)
    RETURN          reduce using rule 21 (statement -> label_opt continue_stmt .)
    INTEGER         reduce using rule 21 (statement -> label_opt continue_stmt .)
    REAL            reduce using rule 21 (statement -> label_opt continue_stmt .)
    LOGICAL         reduce using rule 21 (statement -> label_opt continue_stmt .)
    CHARACTER       reduce using rule 21 (statement -> label_opt continue_stmt .)
    END             reduce using rule 21 (statement -> label_opt continue_stmt .)
    ELSE            reduce using rule 21 (statement -> label_opt continue_stmt .)
    ENDIF           reduce using rule 21 (statement -> label_opt continue_stmt .)


state 34

    (22) statement -> label_opt goto_stmt .

    INT_CONST       reduce using rule 22 (statement -> label_opt goto_stmt .)
    ID              reduce using rule 22 (statement -> label_opt goto_stmt .)
    PRINT           reduce using rule 22 (statement -> label_opt goto_stmt .)
    READ            reduce using rule 22 (statement -> label_opt goto_stmt .)
    IF              reduce using rule 22 (statement -> label_opt goto_stmt .)
    DO              reduce using rule 22 (statement -> label_opt goto_stmt .)
    CONTINUE        reduce using rule 22 (statement -> label_opt goto_stmt .)
    GOTO            reduce using rule 22 (statement -> label_opt goto_stmt .)
    CALL            reduce using rule 22 (statement -> label_opt goto_stmt .)
    RETURN          reduce using rule 22 (statement -> label_opt goto_stmt .)
    INTEGER         reduce using rule 22 (statement -> label_opt goto_stmt .)
    REAL            reduce using rule 22 (statement -> label_opt goto_stmt .)
    LOGICAL         reduce using rule 22 (statement -> label_opt goto_stmt .)
    CHARACTER       reduce using rule 22 (statement -> label_opt goto_stmt .)
    END             reduce using rule 22 (statement -> label_opt goto_stmt .)
    ELSE            reduce using rule 22 (statement -> label_opt goto_stmt .)
    ENDIF           reduce using rule 22 (statement -> label_opt goto_stmt .)


state 35

    (23) statement -> label_opt call_stmt .

    INT_CONST       reduce using rule 23 (statement -> label_opt call_stmt .)
    ID              reduce using rule 23 (statement -> label_opt call_stmt .)
    PRINT           reduce using rule 23 (statement -> label_opt call_stmt .)
    READ            reduce using rule 23 (statement -> label_opt call_stmt .)
    IF              reduce using rule 23 (statement -> label_opt call_stmt .)
    DO              reduce using rule 23 (statement -> label_opt call_stmt .)
    CONTINUE        reduce using rule 23 (statement -> label_opt call_stmt .)
    GOTO            reduce using rule 23 (statement -> label_opt call_stmt .)
    CALL            reduce using rule 23 (statement -> label_opt call_stmt .)
    RETURN          reduce using rule 23 (statement -> label_opt call_stmt .)
    INTEGER         reduce using rule 23 (statement -> label_opt call_stmt .)
    REAL            reduce using rule 23 (statement -> label_opt call_stmt .)
    LOGICAL         reduce using rule 23 (statement -> label_opt call_stmt .)
    CHARACTER       reduce using rule 23 (statement -> label_opt call_stmt .)
    END             reduce using rule 23 (statement -> label_opt call_stmt .)
    ELSE            reduce using rule 23 (statement -> label_opt call_stmt .)
    ENDIF           reduce using rule 23 (statement -> label_opt call_stmt .)


state 36

    (24) statement -> label_opt return_stmt .

    INT_CONST       reduce using rule 24 (statement -> label_opt return_stmt .)
    ID              reduce using rule 24 (statement -> label_opt return_stmt .)
    PRINT           reduce using rule 24 (statement -> label_opt return_stmt .)
    READ            reduce using rule 24 (statement -> label_opt return_stmt .)
    IF              reduce using rule 24 (statement -> label_opt return_stmt .)
    DO              reduce using rule 24 (statement -> label_opt return_stmt .)
    CONTINUE        reduce using rule 24 (statement -> label_opt return_stmt .)
    GOTO            reduce using rule 24 (statement -> label_opt return_stmt .)
    CALL            reduce using rule 24 (statement -> label_opt return_stmt .)
    RETURN          reduce using rule 24 (statement -> label_opt return_stmt .)
    INTEGER         reduce using rule 24 (statement -> label_opt return_stmt .)
    REAL            reduce using rule 24 (statement -> label_opt return_stmt .)
    LOGICAL         reduce using rule 24 (statement -> label_opt return_stmt .)
    CHARACTER       reduce using rule 24 (statement -> label_opt return_stmt .)
    END             reduce using rule 24 (statement -> label_opt return_stmt .)
    ELSE            reduce using rule 24 (statement -> label_opt return_stmt .)
    ENDIF           reduce using rule 24 (statement -> label_opt return_stmt .)


state 37

    (27) declaration -> type . id_list_decl
    (32) id_list_decl -> . id_decl COMMA id_list_decl
    (33) id_list_decl -> . id_decl
    (34) id_decl -> . ID LPAREN INT_CONST RPAREN
    (35) id_decl -> . ID

    ID              shift and go to state 53

    id_list_decl                   shift and go to state 51
    id_decl                        shift and go to state 52

state 38

    (36) assignment -> ID . ASSIGN expr
    (37) assignment -> ID . LPAREN expr RPAREN ASSIGN expr

    ASSIGN          shift and go to state 54
    LPAREN          shift and go to state 55


state 39

    (38) print_stmt -> PRINT . STAR COMMA print_list

    STAR            shift and go to state 56


state 40

    (41) read_stmt -> READ . STAR COMMA ID
    (42) read_stmt -> READ . STAR COMMA ID LPAREN expr RPAREN

    STAR            shift and go to state 57


state 41

    (43) if_stmt -> IF . LPAREN expr RPAREN THEN statement_list ELSE statement_list ENDIF
    (44) if_stmt -> IF . LPAREN expr RPAREN THEN statement_list ENDIF

    LPAREN          shift and go to state 58


state 42

    (45) do_stmt -> DO . INT_CONST ID ASSIGN expr COMMA expr

    INT_CONST       shift and go to state 59


state 43

    (46) continue_stmt -> CONTINUE .

    INT_CONST       reduce using rule 46 (continue_stmt -> CONTINUE .)
    ID              reduce using rule 46 (continue_stmt -> CONTINUE .)
    PRINT           reduce using rule 46 (continue_stmt -> CONTINUE .)
    READ            reduce using rule 46 (continue_stmt -> CONTINUE .)
    IF              reduce using rule 46 (continue_stmt -> CONTINUE .)
    DO              reduce using rule 46 (continue_stmt -> CONTINUE .)
    CONTINUE        reduce using rule 46 (continue_stmt -> CONTINUE .)
    GOTO            reduce using rule 46 (continue_stmt -> CONTINUE .)
    CALL            reduce using rule 46 (continue_stmt -> CONTINUE .)
    RETURN          reduce using rule 46 (continue_stmt -> CONTINUE .)
    INTEGER         reduce using rule 46 (continue_stmt -> CONTINUE .)
    REAL            reduce using rule 46 (continue_stmt -> CONTINUE .)
    LOGICAL         reduce using rule 46 (continue_stmt -> CONTINUE .)
    CHARACTER       reduce using rule 46 (continue_stmt -> CONTINUE .)
    END             reduce using rule 46 (continue_stmt -> CONTINUE .)
    ELSE            reduce using rule 46 (continue_stmt -> CONTINUE .)
    ENDIF           reduce using rule 46 (continue_stmt -> CONTINUE .)


state 44

    (47) goto_stmt -> GOTO . INT_CONST

    INT_CONST       shift and go to state 60


state 45

    (48) call_stmt -> CALL . ID LPAREN arg_list RPAREN

    ID              shift and go to state 61


state 46

    (49) return_stmt -> RETURN .

    INT_CONST       reduce using rule 49 (return_stmt -> RETURN .)
    ID              reduce using rule 49 (return_stmt -> RETURN .)
    PRINT           reduce using rule 49 (return_stmt -> RETURN .)
    READ            reduce using rule 49 (return_stmt -> RETURN .)
    IF              reduce using rule 49 (return_stmt -> RETURN .)
    DO              reduce using rule 49 (return_stmt -> RETURN .)
    CONTINUE        reduce using rule 49 (return_stmt -> RETURN .)
    GOTO            reduce using rule 49 (return_stmt -> RETURN .)
    CALL            reduce using rule 49 (return_stmt -> RETURN .)
    RETURN          reduce using rule 49 (return_stmt -> RETURN .)
    INTEGER         reduce using rule 49 (return_stmt -> RETURN .)
    REAL            reduce using rule 49 (return_stmt -> RETURN .)
    LOGICAL         reduce using rule 49 (return_stmt -> RETURN .)
    CHARACTER       reduce using rule 49 (return_stmt -> RETURN .)
    END             reduce using rule 49 (return_stmt -> RETURN .)
    ELSE            reduce using rule 49 (return_stmt -> RETURN .)
    ENDIF           reduce using rule 49 (return_stmt -> RETURN .)


state 47

    (10) param_list -> ID . COMMA param_list
    (11) param_list -> ID .

    COMMA           shift and go to state 62
    RPAREN          reduce using rule 11 (param_list -> ID .)


state 48

    (8) subroutine_definition -> SUBROUTINE ID LPAREN param_list . RPAREN statement_list END

    RPAREN          shift and go to state 63


state 49

    (12) param_list -> empty .

    RPAREN          reduce using rule 12 (param_list -> empty .)


state 50

    (9) function_definition -> type FUNCTION ID LPAREN . param_list RPAREN statement_list END
    (10) param_list -> . ID COMMA param_list
    (11) param_list -> . ID
    (12) param_list -> . empty
    (77) empty -> .

    ID              shift and go to state 47
    RPAREN          reduce using rule 77 (empty -> .)

    param_list                     shift and go to state 64
    empty                          shift and go to state 49

state 51

    (27) declaration -> type id_list_decl .

    INT_CONST       reduce using rule 27 (declaration -> type id_list_decl .)
    ID              reduce using rule 27 (declaration -> type id_list_decl .)
    PRINT           reduce using rule 27 (declaration -> type id_list_decl .)
    READ            reduce using rule 27 (declaration -> type id_list_decl .)
    IF              reduce using rule 27 (declaration -> type id_list_decl .)
    DO              reduce using rule 27 (declaration -> type id_list_decl .)
    CONTINUE        reduce using rule 27 (declaration -> type id_list_decl .)
    GOTO            reduce using rule 27 (declaration -> type id_list_decl .)
    CALL            reduce using rule 27 (declaration -> type id_list_decl .)
    RETURN          reduce using rule 27 (declaration -> type id_list_decl .)
    INTEGER         reduce using rule 27 (declaration -> type id_list_decl .)
    REAL            reduce using rule 27 (declaration -> type id_list_decl .)
    LOGICAL         reduce using rule 27 (declaration -> type id_list_decl .)
    CHARACTER       reduce using rule 27 (declaration -> type id_list_decl .)
    END             reduce using rule 27 (declaration -> type id_list_decl .)
    ELSE            reduce using rule 27 (declaration -> type id_list_decl .)
    ENDIF           reduce using rule 27 (declaration -> type id_list_decl .)


state 52

    (32) id_list_decl -> id_decl . COMMA id_list_decl
    (33) id_list_decl -> id_decl .

    COMMA           shift and go to state 65
    INT_CONST       reduce using rule 33 (id_list_decl -> id_decl .)
    ID              reduce using rule 33 (id_list_decl -> id_decl .)
    PRINT           reduce using rule 33 (id_list_decl -> id_decl .)
    READ            reduce using rule 33 (id_list_decl -> id_decl .)
    IF              reduce using rule 33 (id_list_decl -> id_decl .)
    DO              reduce using rule 33 (id_list_decl -> id_decl .)
    CONTINUE        reduce using rule 33 (id_list_decl -> id_decl .)
    GOTO            reduce using rule 33 (id_list_decl -> id_decl .)
    CALL            reduce using rule 33 (id_list_decl -> id_decl .)
    RETURN          reduce using rule 33 (id_list_decl -> id_decl .)
    INTEGER         reduce using rule 33 (id_list_decl -> id_decl .)
    REAL            reduce using rule 33 (id_list_decl -> id_decl .)
    LOGICAL         reduce using rule 33 (id_list_decl -> id_decl .)
    CHARACTER       reduce using rule 33 (id_list_decl -> id_decl .)
    END             reduce using rule 33 (id_list_decl -> id_decl .)
    ELSE            reduce using rule 33 (id_list_decl -> id_decl .)
    ENDIF           reduce using rule 33 (id_list_decl -> id_decl .)


state 53

    (34) id_decl -> ID . LPAREN INT_CONST RPAREN
    (35) id_decl -> ID .

    LPAREN          shift and go to state 66
    COMMA           reduce using rule 35 (id_decl -> ID .)
    INT_CONST       reduce using rule 35 (id_decl -> ID .)
    ID              reduce using rule 35 (id_decl -> ID .)
    PRINT           reduce using rule 35 (id_decl -> ID .)
    READ            reduce using rule 35 (id_decl -> ID .)
    IF              reduce using rule 35 (id_decl -> ID .)
    DO              reduce using rule 35 (id_decl -> ID .)
    CONTINUE        reduce using rule 35 (id_decl -> ID .)
    GOTO            reduce using rule 35 (id_decl -> ID .)
    CALL            reduce using rule 35 (id_decl -> ID .)
    RETURN          reduce using rule 35 (id_decl -> ID .)
    INTEGER         reduce using rule 35 (id_decl -> ID .)
    REAL            reduce using rule 35 (id_decl -> ID .)
    LOGICAL         reduce using rule 35 (id_decl -> ID .)
    CHARACTER       reduce using rule 35 (id_decl -> ID .)
    END             reduce using rule 35 (id_decl -> ID .)
    ELSE            reduce using rule 35 (id_decl -> ID .)
    ENDIF           reduce using rule 35 (id_decl -> ID .)


state 54

    (36) assignment -> ID ASSIGN . expr
    (50) expr -> . expr PLUS expr
    (51) expr -> . expr MINUS expr
    (52) expr -> . expr STAR expr
    (53) expr -> . expr DIVIDE expr
    (54) expr -> . expr POW expr
    (55) expr -> . expr EQ expr
    (56) expr -> . expr NE expr
    (57) expr -> . expr GT expr
    (58) expr -> . expr GE expr
    (59) expr -> . expr LT expr
    (60) expr -> . expr LE expr
    (61) expr -> . expr AND expr
    (62) expr -> . expr OR expr
    (63) expr -> . MINUS expr
    (64) expr -> . NOT expr
    (65) expr -> . LPAREN expr RPAREN
    (66) expr -> . ID LPAREN arg_list RPAREN
    (67) expr -> . MOD LPAREN arg_list RPAREN
    (68) expr -> . ID
    (69) expr -> . INT_CONST
    (70) expr -> . REAL_CONST
    (71) expr -> . STRING_CONST
    (72) expr -> . TRUE
    (73) expr -> . FALSE

    MINUS           shift and go to state 69
    NOT             shift and go to state 70
    LPAREN          shift and go to state 71
    ID              shift and go to state 67
    MOD             shift and go to state 72
    INT_CONST       shift and go to state 73
    REAL_CONST      shift and go to state 74
    STRING_CONST    shift and go to state 75
    TRUE            shift and go to state 76
    FALSE           shift and go to state 77

    expr                           shift and go to state 68

state 55

    (37) assignment -> ID LPAREN . expr RPAREN ASSIGN expr
    (50) expr -> . expr PLUS expr
    (51) expr -> . expr MINUS expr
    (52) expr -> . expr STAR expr
    (53) expr -> . expr DIVIDE expr
    (54) expr -> . expr POW expr
    (55) expr -> . expr EQ expr
    (56) expr -> . expr NE expr
    (57) expr -> . expr GT expr
    (58) expr -> . expr GE expr
    (59) expr -> . expr LT expr
    (60) expr -> . expr LE expr
    (61) expr -> . expr AND expr
    (62) expr -> . expr OR expr
    (63) expr -> . MINUS expr
    (64) expr -> . NOT expr
    (65) expr -> . LPAREN expr RPAREN
    (66) expr -> . ID LPAREN arg_list RPAREN
    (67) expr -> . MOD LPAREN arg_list RPAREN
    (68) expr -> . ID
    (69) expr -> . INT_CONST
    (70) expr -> . REAL_CONST
    (71) expr -> . STRING_CONST
    (72) expr -> . TRUE
    (73) expr -> . FALSE

    MINUS           shift and go to state 69
    NOT             shift and go to state 70
    LPAREN          shift and go to state 71
    ID              shift and go to state 67
    MOD             shift and go to state 72
    INT_CONST       shift and go to state 73
    REAL_CONST      shift and go to state 74
    STRING_CONST    shift and go to state 75
    TRUE            shift and go to state 76
    FALSE           shift and go to state 77

    expr                           shift and go to state 78

state 56

    (38) print_stmt -> PRINT STAR . COMMA print_list

    COMMA           shift and go to state 79


state 57

    (41) read_stmt -> READ STAR . COMMA ID
    (42) read_stmt -> READ STAR . COMMA ID LPAREN expr RPAREN

    COMMA           shift and go to state 80


state 58

    (43) if_stmt -> IF LPAREN . expr RPAREN THEN statement_list ELSE statement_list ENDIF
    (44) if_stmt -> IF LPAREN . expr RPAREN THEN statement_list ENDIF
    (50) expr -> . expr PLUS expr
    (51) expr -> . expr MINUS expr
    (52) expr -> . expr STAR expr
    (53) expr -> . expr DIVIDE expr
    (54) expr -> . expr POW expr
    (55) expr -> . expr EQ expr
    (56) expr -> . expr NE expr
    (57) expr -> . expr GT expr
    (58) expr -> . expr GE expr
    (59) expr -> . expr LT expr
    (60) expr -> . expr LE expr
    (61) expr -> . expr AND expr
    (62) expr -> . expr OR expr
    (63) expr -> . MINUS expr
    (64) expr -> . NOT expr
    (65) expr -> . LPAREN expr RPAREN
    (66) expr -> . ID LPAREN arg_list RPAREN
    (67) expr -> . MOD LPAREN arg_list RPAREN
    (68) expr -> . ID
    (69) expr -> . INT_CONST
    (70) expr -> . REAL_CONST
    (71) expr -> . STRING_CONST
    (72) expr -> . TRUE
    (73) expr -> . FALSE

    MINUS           shift and go to state 69
    NOT             shift and go to state 70
    LPAREN          shift and go to state 71
    ID              shift and go to state 67
    MOD             shift and go to state 72
    INT_CONST       shift and go to state 73
    REAL_CONST      shift and go to state 74
    STRING_CONST    shift and go to state 75
    TRUE            shift and go to state 76
    FALSE           shift and go to state 77

    expr                           shift and go to state 81

state 59

    (45) do_stmt -> DO INT_CONST . ID ASSIGN expr COMMA expr

    ID              shift and go to state 82


state 60

    (47) goto_stmt -> GOTO INT_CONST .

    INT_CONST       reduce using rule 47 (goto_stmt -> GOTO INT_CONST .)
    ID              reduce using rule 47 (goto_stmt -> GOTO INT_CONST .)
    PRINT           reduce using rule 47 (goto_stmt -> GOTO INT_CONST .)
    READ            reduce using rule 47 (goto_stmt -> GOTO INT_CONST .)
    IF              reduce using rule 47 (goto_stmt -> GOTO INT_CONST .)
    DO              reduce using rule 47 (goto_stmt -> GOTO INT_CONST .)
    CONTINUE        reduce using rule 47 (goto_stmt -> GOTO INT_CONST .)
    GOTO            reduce using rule 47 (goto_stmt -> GOTO INT_CONST .)
    CALL            reduce using rule 47 (goto_stmt -> GOTO INT_CONST .)
    RETURN          reduce using rule 47 (goto_stmt -> GOTO INT_CONST .)
    INTEGER         reduce using rule 47 (goto_stmt -> GOTO INT_CONST .)
    REAL            reduce using rule 47 (goto_stmt -> GOTO INT_CONST .)
    LOGICAL         reduce using rule 47 (goto_stmt -> GOTO INT_CONST .)
    CHARACTER       reduce using rule 47 (goto_stmt -> GOTO INT_CONST .)
    END             reduce using rule 47 (goto_stmt -> GOTO INT_CONST .)
    ELSE            reduce using rule 47 (goto_stmt -> GOTO INT_CONST .)
    ENDIF           reduce using rule 47 (goto_stmt -> GOTO INT_CONST .)


state 61

    (48) call_stmt -> CALL ID . LPAREN arg_list RPAREN

    LPAREN          shift and go to state 83


state 62

    (10) param_list -> ID COMMA . param_list
    (10) param_list -> . ID COMMA param_list
    (11) param_list -> . ID
    (12) param_list -> . empty
    (77) empty -> .

    ID              shift and go to state 47
    RPAREN          reduce using rule 77 (empty -> .)

    param_list                     shift and go to state 84
    empty                          shift and go to state 49

state 63

    (8) subroutine_definition -> SUBROUTINE ID LPAREN param_list RPAREN . statement_list END
    (13) statement_list -> . statement statement_list
    (14) statement_list -> . empty
    (15) statement -> . label_opt declaration
    (16) statement -> . label_opt assignment
    (17) statement -> . label_opt print_stmt
    (18) statement -> . label_opt read_stmt
    (19) statement -> . label_opt if_stmt
    (20) statement -> . label_opt do_stmt
    (21) statement -> . label_opt continue_stmt
    (22) statement -> . label_opt goto_stmt
    (23) statement -> . label_opt call_stmt
    (24) statement -> . label_opt return_stmt
    (77) empty -> .
    (25) label_opt -> . INT_CONST
    (26) label_opt -> . empty

    END             reduce using rule 77 (empty -> .)
    ID              reduce using rule 77 (empty -> .)
    PRINT           reduce using rule 77 (empty -> .)
    READ            reduce using rule 77 (empty -> .)
    IF              reduce using rule 77 (empty -> .)
    DO              reduce using rule 77 (empty -> .)
    CONTINUE        reduce using rule 77 (empty -> .)
    GOTO            reduce using rule 77 (empty -> .)
    CALL            reduce using rule 77 (empty -> .)
    RETURN          reduce using rule 77 (empty -> .)
    INTEGER         reduce using rule 77 (empty -> .)
    REAL            reduce using rule 77 (empty -> .)
    LOGICAL         reduce using rule 77 (empty -> .)
    CHARACTER       reduce using rule 77 (empty -> .)
    INT_CONST       shift and go to state 22

    statement_list                 shift and go to state 85
    statement                      shift and go to state 19
    empty                          shift and go to state 20
    label_opt                      shift and go to state 21

state 64

    (9) function_definition -> type FUNCTION ID LPAREN param_list . RPAREN statement_list END

    RPAREN          shift and go to state 86


state 65

    (32) id_list_decl -> id_decl COMMA . id_list_decl
    (32) id_list_decl -> . id_decl COMMA id_list_decl
    (33) id_list_decl -> . id_decl
    (34) id_decl -> . ID LPAREN INT_CONST RPAREN
    (35) id_decl -> . ID

    ID              shift and go to state 53

    id_decl                        shift and go to state 52
    id_list_decl                   shift and go to state 87

state 66

    (34) id_decl -> ID LPAREN . INT_CONST RPAREN

    INT_CONST       shift and go to state 88


state 67

    (66) expr -> ID . LPAREN arg_list RPAREN
    (68) expr -> ID .

    LPAREN          shift and go to state 89
    PLUS            reduce using rule 68 (expr -> ID .)
    MINUS           reduce using rule 68 (expr -> ID .)
    STAR            reduce using rule 68 (expr -> ID .)
    DIVIDE          reduce using rule 68 (expr -> ID .)
    POW             reduce using rule 68 (expr -> ID .)
    EQ              reduce using rule 68 (expr -> ID .)
    NE              reduce using rule 68 (expr -> ID .)
    GT              reduce using rule 68 (expr -> ID .)
    GE              reduce using rule 68 (expr -> ID .)
    LT              reduce using rule 68 (expr -> ID .)
    LE              reduce using rule 68 (expr -> ID .)
    AND             reduce using rule 68 (expr -> ID .)
    OR              reduce using rule 68 (expr -> ID .)
    INT_CONST       reduce using rule 68 (expr -> ID .)
    ID              reduce using rule 68 (expr -> ID .)
    PRINT           reduce using rule 68 (expr -> ID .)
    READ            reduce using rule 68 (expr -> ID .)
    IF              reduce using rule 68 (expr -> ID .)
    DO              reduce using rule 68 (expr -> ID .)
    CONTINUE        reduce using rule 68 (expr -> ID .)
    GOTO            reduce using rule 68 (expr -> ID .)
    CALL            reduce using rule 68 (expr -> ID .)
    RETURN          reduce using rule 68 (expr -> ID .)
    INTEGER         reduce using rule 68 (expr -> ID .)
    REAL            reduce using rule 68 (expr -> ID .)
    LOGICAL         reduce using rule 68 (expr -> ID .)
    CHARACTER       reduce using rule 68 (expr -> ID .)
    END             reduce using rule 68 (expr -> ID .)
    ELSE            reduce using rule 68 (expr -> ID .)
    ENDIF           reduce using rule 68 (expr -> ID .)
    RPAREN          reduce using rule 68 (expr -> ID .)
    COMMA           reduce using rule 68 (expr -> ID .)


state 68

    (36) assignment -> ID ASSIGN expr .
    (50) expr -> expr . PLUS expr
    (51) expr -> expr . MINUS expr
    (52) expr -> expr . STAR expr
    (53) expr -> expr . DIVIDE expr
    (54) expr -> expr . POW expr
    (55) expr -> expr . EQ expr
    (56) expr -> expr . NE expr
    (57) expr -> expr . GT expr
    (58) expr -> expr . GE expr
    (59) expr -> expr . LT expr
    (60) expr -> expr . LE expr
    (61) expr -> expr . AND expr
    (62) expr -> expr . OR expr

    INT_CONST       reduce using rule 36 (assignment -> ID ASSIGN expr .)
    ID              reduce using rule 36 (assignment -> ID ASSIGN expr .)
    PRINT           reduce using rule 36 (assignment -> ID ASSIGN expr .)
    READ            reduce using rule 36 (assignment -> ID ASSIGN expr .)
    IF              reduce using rule 36 (assignment -> ID ASSIGN expr .)
    DO              reduce using rule 36 (assignment -> ID ASSIGN expr .)
    CONTINUE        reduce using rule 36 (assignment -> ID ASSIGN expr .)
    GOTO            reduce using rule 36 (assignment -> ID ASSIGN expr .)
    CALL            reduce using rule 36 (assignment -> ID ASSIGN expr .)
    RETURN          reduce using rule 36 (assignment -> ID ASSIGN expr .)
    INTEGER         reduce using rule 36 (assignment -> ID ASSIGN expr .)
    REAL            reduce using rule 36 (assignment -> ID ASSIGN expr .)
    LOGICAL         reduce using rule 36 (assignment -> ID ASSIGN expr .)
    CHARACTER       reduce using rule 36 (assignment -> ID ASSIGN expr .)
    END             reduce using rule 36 (assignment -> ID ASSIGN expr .)
    ELSE            reduce using rule 36 (assignment -> ID ASSIGN expr .)
    ENDIF           reduce using rule 36 (assignment -> ID ASSIGN expr .)
    PLUS            shift and go to state 90
    MINUS           shift and go to state 91
    STAR            shift and go to state 92
    DIVIDE          shift and go to state 93
    POW             shift and go to state 94
    EQ              shift and go to state 95
    NE              shift and go to state 96
    GT              shift and go to state 97
    GE              shift and go to state 98
    LT              shift and go to state 99
    LE              shift and go to state 100
    AND             shift and go to state 101
    OR              shift and go to state 102


state 69

    (63) expr -> MINUS . expr
    (50) expr -> . expr PLUS expr
    (51) expr -> . expr MINUS expr
    (52) expr -> . expr STAR expr
    (53) expr -> . expr DIVIDE expr
    (54) expr -> . expr POW expr
    (55) expr -> . expr EQ expr
    (56) expr -> . expr NE expr
    (57) expr -> . expr GT expr
    (58) expr -> . expr GE expr
    (59) expr -> . expr LT expr
    (60) expr -> . expr LE expr
    (61) expr -> . expr AND expr
    (62) expr -> . expr OR expr
    (63) expr -> . MINUS expr
    (64) expr -> . NOT expr
    (65) expr -> . LPAREN expr RPAREN
    (66) expr -> . ID LPAREN arg_list RPAREN
    (67) expr -> . MOD LPAREN arg_list RPAREN
    (68) expr -> . ID
    (69) expr -> . INT_CONST
    (70) expr -> . REAL_CONST
    (71) expr -> . STRING_CONST
    (72) expr -> . TRUE
    (73) expr -> . FALSE

    MINUS           shift and go to state 69
    NOT             shift and go to state 70
    LPAREN          shift and go to state 71
    ID              shift and go to state 67
    MOD             shift and go to state 72
    INT_CONST       shift and go to state 73
    REAL_CONST      shift and go to state 74
    STRING_CONST    shift and go to state 75
    TRUE            shift and go to state 76
    FALSE           shift and go to state 77

    expr                           shift and go to state 103

state 70

    (64) expr -> NOT . expr
    (50) expr -> . expr PLUS expr
    (51) expr -> . expr MINUS expr
    (52) expr -> . expr STAR expr
    (53) expr -> . expr DIVIDE expr
    (54) expr -> . expr POW expr
    (55) expr -> . expr EQ expr
    (56) expr -> . expr NE expr
    (57) expr -> . expr GT expr
    (58) expr -> . expr GE expr
    (59) expr -> . expr LT expr
    (60) expr -> . expr LE expr
    (61) expr -> . expr AND expr
    (62) expr -> . expr OR expr
    (63) expr -> . MINUS expr
    (64) expr -> . NOT expr
    (65) expr -> . LPAREN expr RPAREN
    (66) expr -> . ID LPAREN arg_list RPAREN
    (67) expr -> . MOD LPAREN arg_list RPAREN
    (68) expr -> . ID
    (69) expr -> . INT_CONST
    (70) expr -> . REAL_CONST
    (71) expr -> . STRING_CONST
    (72) expr -> . TRUE
    (73) expr -> . FALSE

    MINUS           shift and go to state 69
    NOT             shift and go to state 70
    LPAREN          shift and go to state 71
    ID              shift and go to state 67
    MOD             shift and go to state 72
    INT_CONST       shift and go to state 73
    REAL_CONST      shift and go to state 74
    STRING_CONST    shift and go to state 75
    TRUE            shift and go to state 76
    FALSE           shift and go to state 77

    expr                           shift and go to state 104

state 71

    (65) expr -> LPAREN . expr RPAREN
    (50) expr -> . expr PLUS expr
    (51) expr -> . expr MINUS expr
    (52) expr -> . expr STAR expr
    (53) expr -> . expr DIVIDE expr
    (54) expr -> . expr POW expr
    (55) expr -> . expr EQ expr
    (56) expr -> . expr NE expr
    (57) expr -> . expr GT expr
    (58) expr -> . expr GE expr
    (59) expr -> . expr LT expr
    (60) expr -> . expr LE expr
    (61) expr -> . expr AND expr
    (62) expr -> . expr OR expr
    (63) expr -> . MINUS expr
    (64) expr -> . NOT expr
    (65) expr -> . LPAREN expr RPAREN
    (66) expr -> . ID LPAREN arg_list RPAREN
    (67) expr -> . MOD LPAREN arg_list RPAREN
    (68) expr -> . ID
    (69) expr -> . INT_CONST
    (70) expr -> . REAL_CONST
    (71) expr -> . STRING_CONST
    (72) expr -> . TRUE
    (73) expr -> . FALSE

    MINUS           shift and go to state 69
    NOT             shift and go to state 70
    LPAREN          shift and go to state 71
    ID              shift and go to state 67
    MOD             shift and go to state 72
    INT_CONST       shift and go to state 73
    REAL_CONST      shift and go to state 74
    STRING_CONST    shift and go to state 75
    TRUE            shift and go to state 76
    FALSE           shift and go to state 77

    expr                           shift and go to state 105

state 72

    (67) expr -> MOD . LPAREN arg_list RPAREN

    LPAREN          shift and go to state 106


state 73

    (69) expr -> INT_CONST .

    PLUS            reduce using rule 69 (expr -> INT_CONST .)
    MINUS           reduce using rule 69 (expr -> INT_CONST .)
    STAR            reduce using rule 69 (expr -> INT_CONST .)
    DIVIDE          reduce using rule 69 (expr -> INT_CONST .)
    POW             reduce using rule 69 (expr -> INT_CONST .)
    EQ              reduce using rule 69 (expr -> INT_CONST .)
    NE              reduce using rule 69 (expr -> INT_CONST .)
    GT              reduce using rule 69 (expr -> INT_CONST .)
    GE              reduce using rule 69 (expr -> INT_CONST .)
    LT              reduce using rule 69 (expr -> INT_CONST .)
    LE              reduce using rule 69 (expr -> INT_CONST .)
    AND             reduce using rule 69 (expr -> INT_CONST .)
    OR              reduce using rule 69 (expr -> INT_CONST .)
    INT_CONST       reduce using rule 69 (expr -> INT_CONST .)
    ID              reduce using rule 69 (expr -> INT_CONST .)
    PRINT           reduce using rule 69 (expr -> INT_CONST .)
    READ            reduce using rule 69 (expr -> INT_CONST .)
    IF              reduce using rule 69 (expr -> INT_CONST .)
    DO              reduce using rule 69 (expr -> INT_CONST .)
    CONTINUE        reduce using rule 69 (expr -> INT_CONST .)
    GOTO            reduce using rule 69 (expr -> INT_CONST .)
    CALL            reduce using rule 69 (expr -> INT_CONST .)
    RETURN          reduce using rule 69 (expr -> INT_CONST .)
    INTEGER         reduce using rule 69 (expr -> INT_CONST .)
    REAL            reduce using rule 69 (expr -> INT_CONST .)
    LOGICAL         reduce using rule 69 (expr -> INT_CONST .)
    CHARACTER       reduce using rule 69 (expr -> INT_CONST .)
    END             reduce using rule 69 (expr -> INT_CONST .)
    ELSE            reduce using rule 69 (expr -> INT_CONST .)
    ENDIF           reduce using rule 69 (expr -> INT_CONST .)
    RPAREN          reduce using rule 69 (expr -> INT_CONST .)
    COMMA           reduce using rule 69 (expr -> INT_CONST .)


state 74

    (70) expr -> REAL_CONST .

    PLUS            reduce using rule 70 (expr -> REAL_CONST .)
    MINUS           reduce using rule 70 (expr -> REAL_CONST .)
    STAR            reduce using rule 70 (expr -> REAL_CONST .)
    DIVIDE          reduce using rule 70 (expr -> REAL_CONST .)
    POW             reduce using rule 70 (expr -> REAL_CONST .)
    EQ              reduce using rule 70 (expr -> REAL_CONST .)
    NE              reduce using rule 70 (expr -> REAL_CONST .)
    GT              reduce using rule 70 (expr -> REAL_CONST .)
    GE              reduce using rule 70 (expr -> REAL_CONST .)
    LT              reduce using rule 70 (expr -> REAL_CONST .)
    LE              reduce using rule 70 (expr -> REAL_CONST .)
    AND             reduce using rule 70 (expr -> REAL_CONST .)
    OR              reduce using rule 70 (expr -> REAL_CONST .)
    INT_CONST       reduce using rule 70 (expr -> REAL_CONST .)
    ID              reduce using rule 70 (expr -> REAL_CONST .)
    PRINT           reduce using rule 70 (expr -> REAL_CONST .)
    READ            reduce using rule 70 (expr -> REAL_CONST .)
    IF              reduce using rule 70 (expr -> REAL_CONST .)
    DO              reduce using rule 70 (expr -> REAL_CONST .)
    CONTINUE        reduce using rule 70 (expr -> REAL_CONST .)
    GOTO            reduce using rule 70 (expr -> REAL_CONST .)
    CALL            reduce using rule 70 (expr -> REAL_CONST .)
    RETURN          reduce using rule 70 (expr -> REAL_CONST .)
    INTEGER         reduce using rule 70 (expr -> REAL_CONST .)
    REAL            reduce using rule 70 (expr -> REAL_CONST .)
    LOGICAL         reduce using rule 70 (expr -> REAL_CONST .)
    CHARACTER       reduce using rule 70 (expr -> REAL_CONST .)
    END             reduce using rule 70 (expr -> REAL_CONST .)
    ELSE            reduce using rule 70 (expr -> REAL_CONST .)
    ENDIF           reduce using rule 70 (expr -> REAL_CONST .)
    RPAREN          reduce using rule 70 (expr -> REAL_CONST .)
    COMMA           reduce using rule 70 (expr -> REAL_CONST .)


state 75

    (71) expr -> STRING_CONST .

    PLUS            reduce using rule 71 (expr -> STRING_CONST .)
    MINUS           reduce using rule 71 (expr -> STRING_CONST .)
    STAR            reduce using rule 71 (expr -> STRING_CONST .)
    DIVIDE          reduce using rule 71 (expr -> STRING_CONST .)
    POW             reduce using rule 71 (expr -> STRING_CONST .)
    EQ              reduce using rule 71 (expr -> STRING_CONST .)
    NE              reduce using rule 71 (expr -> STRING_CONST .)
    GT              reduce using rule 71 (expr -> STRING_CONST .)
    GE              reduce using rule 71 (expr -> STRING_CONST .)
    LT              reduce using rule 71 (expr -> STRING_CONST .)
    LE              reduce using rule 71 (expr -> STRING_CONST .)
    AND             reduce using rule 71 (expr -> STRING_CONST .)
    OR              reduce using rule 71 (expr -> STRING_CONST .)
    INT_CONST       reduce using rule 71 (expr -> STRING_CONST .)
    ID              reduce using rule 71 (expr -> STRING_CONST .)
    PRINT           reduce using rule 71 (expr -> STRING_CONST .)
    READ            reduce using rule 71 (expr -> STRING_CONST .)
    IF              reduce using rule 71 (expr -> STRING_CONST .)
    DO              reduce using rule 71 (expr -> STRING_CONST .)
    CONTINUE        reduce using rule 71 (expr -> STRING_CONST .)
    GOTO            reduce using rule 71 (expr -> STRING_CONST .)
    CALL            reduce using rule 71 (expr -> STRING_CONST .)
    RETURN          reduce using rule 71 (expr -> STRING_CONST .)
    INTEGER         reduce using rule 71 (expr -> STRING_CONST .)
    REAL            reduce using rule 71 (expr -> STRING_CONST .)
    LOGICAL         reduce using rule 71 (expr -> STRING_CONST .)
    CHARACTER       reduce using rule 71 (expr -> STRING_CONST .)
    END             reduce using rule 71 (expr -> STRING_CONST .)
    ELSE            reduce using rule 71 (expr -> STRING_CONST .)
    ENDIF           reduce using rule 71 (expr -> STRING_CONST .)
    RPAREN          reduce using rule 71 (expr -> STRING_CONST .)
    COMMA           reduce using rule 71 (expr -> STRING_CONST .)


state 76

    (72) expr -> TRUE .

    PLUS            reduce using rule 72 (expr -> TRUE .)
    MINUS           reduce using rule 72 (expr -> TRUE .)
    STAR            reduce using rule 72 (expr -> TRUE .)
    DIVIDE          reduce using rule 72 (expr -> TRUE .)
    POW             reduce using rule 72 (expr -> TRUE .)
    EQ              reduce using rule 72 (expr -> TRUE .)
    NE              reduce using rule 72 (expr -> TRUE .)
    GT              reduce using rule 72 (expr -> TRUE .)
    GE              reduce using rule 72 (expr -> TRUE .)
    LT              reduce using rule 72 (expr -> TRUE .)
    LE              reduce using rule 72 (expr -> TRUE .)
    AND             reduce using rule 72 (expr -> TRUE .)
    OR              reduce using rule 72 (expr -> TRUE .)
    INT_CONST       reduce using rule 72 (expr -> TRUE .)
    ID              reduce using rule 72 (expr -> TRUE .)
    PRINT           reduce using rule 72 (expr -> TRUE .)
    READ            reduce using rule 72 (expr -> TRUE .)
    IF              reduce using rule 72 (expr -> TRUE .)
    DO              reduce using rule 72 (expr -> TRUE .)
    CONTINUE        reduce using rule 72 (expr -> TRUE .)
    GOTO            reduce using rule 72 (expr -> TRUE .)
    CALL            reduce using rule 72 (expr -> TRUE .)
    RETURN          reduce using rule 72 (expr -> TRUE .)
    INTEGER         reduce using rule 72 (expr -> TRUE .)
    REAL            reduce using rule 72 (expr -> TRUE .)
    LOGICAL         reduce using rule 72 (expr -> TRUE .)
    CHARACTER       reduce using rule 72 (expr -> TRUE .)
    END             reduce using rule 72 (expr -> TRUE .)
    ELSE            reduce using rule 72 (expr -> TRUE .)
    ENDIF           reduce using rule 72 (expr -> TRUE .)
    RPAREN          reduce using rule 72 (expr -> TRUE .)
    COMMA           reduce using rule 72 (expr -> TRUE .)


state 77

    (73) expr -> FALSE .

    PLUS            reduce using rule 73 (expr -> FALSE .)
    MINUS           reduce using rule 73 (expr -> FALSE .)
    STAR            reduce using rule 73 (expr -> FALSE .)
    DIVIDE          reduce using rule 73 (expr -> FALSE .)
    POW             reduce using rule 73 (expr -> FALSE .)
    EQ              reduce using rule 73 (expr -> FALSE .)
    NE              reduce using rule 73 (expr -> FALSE .)
    GT              reduce using rule 73 (expr -> FALSE .)
    GE              reduce using rule 73 (expr -> FALSE .)
    LT              reduce using rule 73 (expr -> FALSE .)
    LE              reduce using rule 73 (expr -> FALSE .)
    AND             reduce using rule 73 (expr -> FALSE .)
    OR              reduce using rule 73 (expr -> FALSE .)
    INT_CONST       reduce using rule 73 (expr -> FALSE .)
    ID              reduce using rule 73 (expr -> FALSE .)
    PRINT           reduce using rule 73 (expr -> FALSE .)
    READ            reduce using rule 73 (expr -> FALSE .)
    IF              reduce using rule 73 (expr -> FALSE .)
    DO              reduce using rule 73 (expr -> FALSE .)
    CONTINUE        reduce using rule 73 (expr -> FALSE .)
    GOTO            reduce using rule 73 (expr -> FALSE .)
    CALL            reduce using rule 73 (expr -> FALSE .)
    RETURN          reduce using rule 73 (expr -> FALSE .)
    INTEGER         reduce using rule 73 (expr -> FALSE .)
    REAL            reduce using rule 73 (expr -> FALSE .)
    LOGICAL         reduce using rule 73 (expr -> FALSE .)
    CHARACTER       reduce using rule 73 (expr -> FALSE .)
    END             reduce using rule 73 (expr -> FALSE .)
    ELSE            reduce using rule 73 (expr -> FALSE .)
    ENDIF           reduce using rule 73 (expr -> FALSE .)
    RPAREN          reduce using rule 73 (expr -> FALSE .)
    COMMA           reduce using rule 73 (expr -> FALSE .)


state 78

    (37) assignment -> ID LPAREN expr . RPAREN ASSIGN expr
    (50) expr -> expr . PLUS expr
    (51) expr -> expr . MINUS expr
    (52) expr -> expr . STAR expr
    (53) expr -> expr . DIVIDE expr
    (54) expr -> expr . POW expr
    (55) expr -> expr . EQ expr
    (56) expr -> expr . NE expr
    (57) expr -> expr . GT expr
    (58) expr -> expr . GE expr
    (59) expr -> expr . LT expr
    (60) expr -> expr . LE expr
    (61) expr -> expr . AND expr
    (62) expr -> expr . OR expr

    RPAREN          shift and go to state 107
    PLUS            shift and go to state 90
    MINUS           shift and go to state 91
    STAR            shift and go to state 92
    DIVIDE          shift and go to state 93
    POW             shift and go to state 94
    EQ              shift and go to state 95
    NE              shift and go to state 96
    GT              shift and go to state 97
    GE              shift and go to state 98
    LT              shift and go to state 99
    LE              shift and go to state 100
    AND             shift and go to state 101
    OR              shift and go to state 102


state 79

    (38) print_stmt -> PRINT STAR COMMA . print_list
    (39) print_list -> . expr COMMA print_list
    (40) print_list -> . expr
    (50) expr -> . expr PLUS expr
    (51) expr -> . expr MINUS expr
    (52) expr -> . expr STAR expr
    (53) expr -> . expr DIVIDE expr
    (54) expr -> . expr POW expr
    (55) expr -> . expr EQ expr
    (56) expr -> . expr NE expr
    (57) expr -> . expr GT expr
    (58) expr -> . expr GE expr
    (59) expr -> . expr LT expr
    (60) expr -> . expr LE expr
    (61) expr -> . expr AND expr
    (62) expr -> . expr OR expr
    (63) expr -> . MINUS expr
    (64) expr -> . NOT expr
    (65) expr -> . LPAREN expr RPAREN
    (66) expr -> . ID LPAREN arg_list RPAREN
    (67) expr -> . MOD LPAREN arg_list RPAREN
    (68) expr -> . ID
    (69) expr -> . INT_CONST
    (70) expr -> . REAL_CONST
    (71) expr -> . STRING_CONST
    (72) expr -> . TRUE
    (73) expr -> . FALSE

    MINUS           shift and go to state 69
    NOT             shift and go to state 70
    LPAREN          shift and go to state 71
    ID              shift and go to state 67
    MOD             shift and go to state 72
    INT_CONST       shift and go to state 73
    REAL_CONST      shift and go to state 74
    STRING_CONST    shift and go to state 75
    TRUE            shift and go to state 76
    FALSE           shift and go to state 77

    print_list                     shift and go to state 108
    expr                           shift and go to state 109

state 80

    (41) read_stmt -> READ STAR COMMA . ID
    (42) read_stmt -> READ STAR COMMA . ID LPAREN expr RPAREN

    ID              shift and go to state 110


state 81

    (43) if_stmt -> IF LPAREN expr . RPAREN THEN statement_list ELSE statement_list ENDIF
    (44) if_stmt -> IF LPAREN expr . RPAREN THEN statement_list ENDIF
    (50) expr -> expr . PLUS expr
    (51) expr -> expr . MINUS expr
    (52) expr -> expr . STAR expr
    (53) expr -> expr . DIVIDE expr
    (54) expr -> expr . POW expr
    (55) expr -> expr . EQ expr
    (56) expr -> expr . NE expr
    (57) expr -> expr . GT expr
    (58) expr -> expr . GE expr
    (59) expr -> expr . LT expr
    (60) expr -> expr . LE expr
    (61) expr -> expr . AND expr
    (62) expr -> expr . OR expr

    RPAREN          shift and go to state 111
    PLUS            shift and go to state 90
    MINUS           shift and go to state 91
    STAR            shift and go to state 92
    DIVIDE          shift and go to state 93
    POW             shift and go to state 94
    EQ              shift and go to state 95
    NE              shift and go to state 96
    GT              shift and go to state 97
    GE              shift and go to state 98
    LT              shift and go to state 99
    LE              shift and go to state 100
    AND             shift and go to state 101
    OR              shift and go to state 102


state 82

    (45) do_stmt -> DO INT_CONST ID . ASSIGN expr COMMA expr

    ASSIGN          shift and go to state 112


state 83

    (48) call_stmt -> CALL ID LPAREN . arg_list RPAREN
    (74) arg_list -> . expr COMMA arg_list
    (75) arg_list -> . expr
    (76) arg_list -> . empty
    (50) expr -> . expr PLUS expr
    (51) expr -> . expr MINUS expr
    (52) expr -> . expr STAR expr
    (53) expr -> . expr DIVIDE expr
    (54) expr -> . expr POW expr
    (55) expr -> . expr EQ expr
    (56) expr -> . expr NE expr
    (57) expr -> . expr GT expr
    (58) expr -> . expr GE expr
    (59) expr -> . expr LT expr
    (60) expr -> . expr LE expr
    (61) expr -> . expr AND expr
    (62) expr -> . expr OR expr
    (63) expr -> . MINUS expr
    (64) expr -> . NOT expr
    (65) expr -> . LPAREN expr RPAREN
    (66) expr -> . ID LPAREN arg_list RPAREN
    (67) expr -> . MOD LPAREN arg_list RPAREN
    (68) expr -> . ID
    (69) expr -> . INT_CONST
    (70) expr -> . REAL_CONST
    (71) expr -> . STRING_CONST
    (72) expr -> . TRUE
    (73) expr -> . FALSE
    (77) empty -> .

    MINUS           shift and go to state 69
    NOT             shift and go to state 70
    LPAREN          shift and go to state 71
    ID              shift and go to state 67
    MOD             shift and go to state 72
    INT_CONST       shift and go to state 73
    REAL_CONST      shift and go to state 74
    STRING_CONST    shift and go to state 75
    TRUE            shift and go to state 76
    FALSE           shift and go to state 77
    RPAREN          reduce using rule 77 (empty -> .)

    arg_list                       shift and go to state 113
    expr                           shift and go to state 114
    empty                          shift and go to state 115

state 84

    (10) param_list -> ID COMMA param_list .

    RPAREN          reduce using rule 10 (param_list -> ID COMMA param_list .)


state 85

    (8) subroutine_definition -> SUBROUTINE ID LPAREN param_list RPAREN statement_list . END

    END             shift and go to state 116


state 86

    (9) function_definition -> type FUNCTION ID LPAREN param_list RPAREN . statement_list END
    (13) statement_list -> . statement statement_list
    (14) statement_list -> . empty
    (15) statement -> . label_opt declaration
    (16) statement -> . label_opt assignment
    (17) statement -> . label_opt print_stmt
    (18) statement -> . label_opt read_stmt
    (19) statement -> . label_opt if_stmt
    (20) statement -> . label_opt do_stmt
    (21) statement -> . label_opt continue_stmt
    (22) statement -> . label_opt goto_stmt
    (23) statement -> . label_opt call_stmt
    (24) statement -> . label_opt return_stmt
    (77) empty -> .
    (25) label_opt -> . INT_CONST
    (26) label_opt -> . empty

    END             reduce using rule 77 (empty -> .)
    ID              reduce using rule 77 (empty -> .)
    PRINT           reduce using rule 77 (empty -> .)
    READ            reduce using rule 77 (empty -> .)
    IF              reduce using rule 77 (empty -> .)
    DO              reduce using rule 77 (empty -> .)
    CONTINUE        reduce using rule 77 (empty -> .)
    GOTO            reduce using rule 77 (empty -> .)
    CALL            reduce using rule 77 (empty -> .)
    RETURN          reduce using rule 77 (empty -> .)
    INTEGER         reduce using rule 77 (empty -> .)
    REAL            reduce using rule 77 (empty -> .)
    LOGICAL         reduce using rule 77 (empty -> .)
    CHARACTER       reduce using rule 77 (empty -> .)
    INT_CONST       shift and go to state 22

    statement_list                 shift and go to state 117
    statement                      shift and go to state 19
    empty                          shift and go to state 20
    label_opt                      shift and go to state 21

state 87

    (32) id_list_decl -> id_decl COMMA id_list_decl .

    INT_CONST       reduce using rule 32 (id_list_decl -> id_decl COMMA id_list_decl .)
    ID              reduce using rule 32 (id_list_decl -> id_decl COMMA id_list_decl .)
    PRINT           reduce using rule 32 (id_list_decl -> id_decl COMMA id_list_decl .)
    READ            reduce using rule 32 (id_list_decl -> id_decl COMMA id_list_decl .)
    IF              reduce using rule 32 (id_list_decl -> id_decl COMMA id_list_decl .)
    DO              reduce using rule 32 (id_list_decl -> id_decl COMMA id_list_decl .)
    CONTINUE        reduce using rule 32 (id_list_decl -> id_decl COMMA id_list_decl .)
    GOTO            reduce using rule 32 (id_list_decl -> id_decl COMMA id_list_decl .)
    CALL            reduce using rule 32 (id_list_decl -> id_decl COMMA id_list_decl .)
    RETURN          reduce using rule 32 (id_list_decl -> id_decl COMMA id_list_decl .)
    INTEGER         reduce using rule 32 (id_list_decl -> id_decl COMMA id_list_decl .)
    REAL            reduce using rule 32 (id_list_decl -> id_decl COMMA id_list_decl .)
    LOGICAL         reduce using rule 32 (id_list_decl -> id_decl COMMA id_list_decl .)
    CHARACTER       reduce using rule 32 (id_list_decl -> id_decl COMMA id_list_decl .)
    END             reduce using rule 32 (id_list_decl -> id_decl COMMA id_list_decl .)
    ELSE            reduce using rule 32 (id_list_decl -> id_decl COMMA id_list_decl .)
    ENDIF           reduce using rule 32 (id_list_decl -> id_decl COMMA id_list_decl .)


state 88

    (34) id_decl -> ID LPAREN INT_CONST . RPAREN

    RPAREN          shift and go to state 118


state 89

    (66) expr -> ID LPAREN . arg_list RPAREN
    (74) arg_list -> . expr COMMA arg_list
    (75) arg_list -> . expr
    (76) arg_list -> . empty
    (50) expr -> . expr PLUS expr
    (51) expr -> . expr MINUS expr
    (52) expr -> . expr STAR expr
    (53) expr -> . expr DIVIDE expr
    (54) expr -> . expr POW expr
    (55) expr -> . expr EQ expr
    (56) expr -> . expr NE expr
    (57) expr -> . expr GT expr
    (58) expr -> . expr GE expr
    (59) expr -> . expr LT expr
    (60) expr -> . expr LE expr
    (61) expr -> . expr AND expr
    (62) expr -> . expr OR expr
    (63) expr -> . MINUS expr
    (64) expr -> . NOT expr
    (65) expr -> . LPAREN expr RPAREN
    (66) expr -> . ID LPAREN arg_list RPAREN
    (67) expr -> . MOD LPAREN arg_list RPAREN
    (68) expr -> . ID
    (69) expr -> . INT_CONST
    (70) expr -> . REAL_CONST
    (71) expr -> . STRING_CONST
    (72) expr -> . TRUE
    (73) expr -> . FALSE
    (77) empty -> .

    MINUS           shift and go to state 69
    NOT             shift and go to state 70
    LPAREN          shift and go to state 71
    ID              shift and go to state 67
    MOD             shift and go to state 72
    INT_CONST       shift and go to state 73
    REAL_CONST      shift and go to state 74
    STRING_CONST    shift and go to state 75
    TRUE            shift and go to state 76
    FALSE           shift and go to state 77
    RPAREN          reduce using rule 77 (empty -> .)

    arg_list                       shift and go to state 119
    expr                           shift and go to state 114
    empty                          shift and go to state 115

state 90

    (50) expr -> expr PLUS . expr
    (50) expr -> . expr PLUS expr
    (51) expr -> . expr MINUS expr
    (52) expr -> . expr STAR expr
    (53) expr -> . expr DIVIDE expr
    (54) expr -> . expr POW expr
    (55) expr -> . expr EQ expr
    (56) expr -> . expr NE expr
    (57) expr -> . expr GT expr
    (58) expr -> . expr GE expr
    (59) expr -> . expr LT expr
    (60) expr -> . expr LE expr
    (61) expr -> . expr AND expr
    (62) expr -> . expr OR expr
    (63) expr -> . MINUS expr
    (64) expr -> . NOT expr
    (65) expr -> . LPAREN expr RPAREN
    (66) expr -> . ID LPAREN arg_list RPAREN
    (67) expr -> . MOD LPAREN arg_list RPAREN
    (68) expr -> . ID
    (69) expr -> . INT_CONST
    (70) expr -> . REAL_CONST
    (71) expr -> . STRING_CONST
    (72) expr -> . TRUE
    (73) expr -> . FALSE

    MINUS           shift and go to state 69
    NOT             shift and go to state 70
    LPAREN          shift and go to state 71
    ID              shift and go to state 67
    MOD             shift and go to state 72
    INT_CONST       shift and go to state 73
    REAL_CONST      shift and go to state 74
    STRING_CONST    shift and go to state 75
    TRUE            shift and go to state 76
    FALSE           shift and go to state 77

    expr                           shift and go to state 120

state 91

    (51) expr -> expr MINUS . expr
    (50) expr -> . expr PLUS expr
    (51) expr -> . expr MINUS expr
    (52) expr -> . expr STAR expr
    (53) expr -> . expr DIVIDE expr
    (54) expr -> . expr POW expr
    (55) expr -> . expr EQ expr
    (56) expr -> . expr NE expr
    (57) expr -> . expr GT expr
    (58) expr -> . expr GE expr
    (59) expr -> . expr LT expr
    (60) expr -> . expr LE expr
    (61) expr -> . expr AND expr
    (62) expr -> . expr OR expr
    (63) expr -> . MINUS expr
    (64) expr -> . NOT expr
    (65) expr -> . LPAREN expr RPAREN
    (66) expr -> . ID LPAREN arg_list RPAREN
    (67) expr -> . MOD LPAREN arg_list RPAREN
    (68) expr -> . ID
    (69) expr -> . INT_CONST
    (70) expr -> . REAL_CONST
    (71) expr -> . STRING_CONST
    (72) expr -> . TRUE
    (73) expr -> . FALSE

    MINUS           shift and go to state 69
    NOT             shift and go to state 70
    LPAREN          shift and go to state 71
    ID              shift and go to state 67
    MOD             shift and go to state 72
    INT_CONST       shift and go to state 73
    REAL_CONST      shift and go to state 74
    STRING_CONST    shift and go to state 75
    TRUE            shift and go to state 76
    FALSE           shift and go to state 77

    expr                           shift and go to state 121

state 92

    (52) expr -> expr STAR . expr
    (50) expr -> . expr PLUS expr
    (51) expr -> . expr MINUS expr
    (52) expr -> . expr STAR expr
    (53) expr -> . expr DIVIDE expr
    (54) expr -> . expr POW expr
    (55) expr -> . expr EQ expr
    (56) expr -> . expr NE expr
    (57) expr -> . expr GT expr
    (58) expr -> . expr GE expr
    (59) expr -> . expr LT expr
    (60) expr -> . expr LE expr
    (61) expr -> . expr AND expr
    (62) expr -> . expr OR expr
    (63) expr -> . MINUS expr
    (64) expr -> . NOT expr
    (65) expr -> . LPAREN expr RPAREN
    (66) expr -> . ID LPAREN arg_list RPAREN
    (67) expr -> . MOD LPAREN arg_list RPAREN
    (68) expr -> . ID
    (69) expr -> . INT_CONST
    (70) expr -> . REAL_CONST
    (71) expr -> . STRING_CONST
    (72) expr -> . TRUE
    (73) expr -> . FALSE

    MINUS           shift and go to state 69
    NOT             shift and go to state 70
    LPAREN          shift and go to state 71
    ID              shift and go to state 67
    MOD             shift and go to state 72
    INT_CONST       shift and go to state 73
    REAL_CONST      shift and go to state 74
    STRING_CONST    shift and go to state 75
    TRUE            shift and go to state 76
    FALSE           shift and go to state 77

    expr                           shift and go to state 122

state 93

    (53) expr -> expr DIVIDE . expr
    (50) expr -> . expr PLUS expr
    (51) expr -> . expr MINUS expr
    (52) expr -> . expr STAR expr
    (53) expr -> . expr DIVIDE expr
    (54) expr -> . expr POW expr
    (55) expr -> . expr EQ expr
    (56) expr -> . expr NE expr
    (57) expr -> . expr GT expr
    (58) expr -> . expr GE expr
    (59) expr -> . expr LT expr
    (60) expr -> . expr LE expr
    (61) expr -> . expr AND expr
    (62) expr -> . expr OR expr
    (63) expr -> . MINUS expr
    (64) expr -> . NOT expr
    (65) expr -> . LPAREN expr RPAREN
    (66) expr -> . ID LPAREN arg_list RPAREN
    (67) expr -> . MOD LPAREN arg_list RPAREN
    (68) expr -> . ID
    (69) expr -> . INT_CONST
    (70) expr -> . REAL_CONST
    (71) expr -> . STRING_CONST
    (72) expr -> . TRUE
    (73) expr -> . FALSE

    MINUS           shift and go to state 69
    NOT             shift and go to state 70
    LPAREN          shift and go to state 71
    ID              shift and go to state 67
    MOD             shift and go to state 72
    INT_CONST       shift and go to state 73
    REAL_CONST      shift and go to state 74
    STRING_CONST    shift and go to state 75
    TRUE            shift and go to state 76
    FALSE           shift and go to state 77

    expr                           shift and go to state 123

state 94

    (54) expr -> expr POW . expr
    (50) expr -> . expr PLUS expr
    (51) expr -> . expr MINUS expr
    (52) expr -> . expr STAR expr
    (53) expr -> . expr DIVIDE expr
    (54) expr -> . expr POW expr
    (55) expr -> . expr EQ expr
    (56) expr -> . expr NE expr
    (57) expr -> . expr GT expr
    (58) expr -> . expr GE expr
    (59) expr -> . expr LT expr
    (60) expr -> . expr LE expr
    (61) expr -> . expr AND expr
    (62) expr -> . expr OR expr
    (63) expr -> . MINUS expr
    (64) expr -> . NOT expr
    (65) expr -> . LPAREN expr RPAREN
    (66) expr -> . ID LPAREN arg_list RPAREN
    (67) expr -> . MOD LPAREN arg_list RPAREN
    (68) expr -> . ID
    (69) expr -> . INT_CONST
    (70) expr -> . REAL_CONST
    (71) expr -> . STRING_CONST
    (72) expr -> . TRUE
    (73) expr -> . FALSE

    MINUS           shift and go to state 69
    NOT             shift and go to state 70
    LPAREN          shift and go to state 71
    ID              shift and go to state 67
    MOD             shift and go to state 72
    INT_CONST       shift and go to state 73
    REAL_CONST      shift and go to state 74
    STRING_CONST    shift and go to state 75
    TRUE            shift and go to state 76
    FALSE           shift and go to state 77

    expr                           shift and go to state 124

state 95

    (55) expr -> expr EQ . expr
    (50) expr -> . expr PLUS expr
    (51) expr -> . expr MINUS expr
    (52) expr -> . expr STAR expr
    (53) expr -> . expr DIVIDE expr
    (54) expr -> . expr POW expr
    (55) expr -> . expr EQ expr
    (56) expr -> . expr NE expr
    (57) expr -> . expr GT expr
    (58) expr -> . expr GE expr
    (59) expr -> . expr LT expr
    (60) expr -> . expr LE expr
    (61) expr -> . expr AND expr
    (62) expr -> . expr OR expr
    (63) expr -> . MINUS expr
    (64) expr -> . NOT expr
    (65) expr -> . LPAREN expr RPAREN
    (66) expr -> . ID LPAREN arg_list RPAREN
    (67) expr -> . MOD LPAREN arg_list RPAREN
    (68) expr -> . ID
    (69) expr -> . INT_CONST
    (70) expr -> . REAL_CONST
    (71) expr -> . STRING_CONST
    (72) expr -> . TRUE
    (73) expr -> . FALSE

    MINUS           shift and go to state 69
    NOT             shift and go to state 70
    LPAREN          shift and go to state 71
    ID              shift and go to state 67
    MOD             shift and go to state 72
    INT_CONST       shift and go to state 73
    REAL_CONST      shift and go to state 74
    STRING_CONST    shift and go to state 75
    TRUE            shift and go to state 76
    FALSE           shift and go to state 77

    expr                           shift and go to state 125

state 96

    (56) expr -> expr NE . expr
    (50) expr -> . expr PLUS expr
    (51) expr -> . expr MINUS expr
    (52) expr -> . expr STAR expr
    (53) expr -> . expr DIVIDE expr
    (54) expr -> . expr POW expr
    (55) expr -> . expr EQ expr
    (56) expr -> . expr NE expr
    (57) expr -> . expr GT expr
    (58) expr -> . expr GE expr
    (59) expr -> . expr LT expr
    (60) expr -> . expr LE expr
    (61) expr -> . expr AND expr
    (62) expr -> . expr OR expr
    (63) expr -> . MINUS expr
    (64) expr -> . NOT expr
    (65) expr -> . LPAREN expr RPAREN
    (66) expr -> . ID LPAREN arg_list RPAREN
    (67) expr -> . MOD LPAREN arg_list RPAREN
    (68) expr -> . ID
    (69) expr -> . INT_CONST
    (70) expr -> . REAL_CONST
    (71) expr -> . STRING_CONST
    (72) expr -> . TRUE
    (73) expr -> . FALSE

    MINUS           shift and go to state 69
    NOT             shift and go to state 70
    LPAREN          shift and go to state 71
    ID              shift and go to state 67
    MOD             shift and go to state 72
    INT_CONST       shift and go to state 73
    REAL_CONST      shift and go to state 74
    STRING_CONST    shift and go to state 75
    TRUE            shift and go to state 76
    FALSE           shift and go to state 77

    expr                           shift and go to state 126

state 97

    (57) expr -> expr GT . expr
    (50) expr -> . expr PLUS expr
    (51) expr -> . expr MINUS expr
    (52) expr -> . expr STAR expr
    (53) expr -> . expr DIVIDE expr
    (54) expr -> . expr POW expr
    (55) expr -> . expr EQ expr
    (56) expr -> . expr NE expr
    (57) expr -> . expr GT expr
    (58) expr -> . expr GE expr
    (59) expr -> . expr LT expr
    (60) expr -> . expr LE expr
    (61) expr -> . expr AND expr
    (62) expr -> . expr OR expr
    (63) expr -> . MINUS expr
    (64) expr -> . NOT expr
    (65) expr -> . LPAREN expr RPAREN
    (66) expr -> . ID LPAREN arg_list RPAREN
    (67) expr -> . MOD LPAREN arg_list RPAREN
    (68) expr -> . ID
    (69) expr -> . INT_CONST
    (70) expr -> . REAL_CONST
    (71) expr -> . STRING_CONST
    (72) expr -> . TRUE
    (73) expr -> . FALSE

    MINUS           shift and go to state 69
    NOT             shift and go to state 70
    LPAREN          shift and go to state 71
    ID              shift and go to state 67
    MOD             shift and go to state 72
    INT_CONST       shift and go to state 73
    REAL_CONST      shift and go to state 74
    STRING_CONST    shift and go to state 75
    TRUE            shift and go to state 76
    FALSE           shift and go to state 77

    expr                           shift and go to state 127

state 98

    (58) expr -> expr GE . expr
    (50) expr -> . expr PLUS expr
    (51) expr -> . expr MINUS expr
    (52) expr -> . expr STAR expr
    (53) expr -> . expr DIVIDE expr
    (54) expr -> . expr POW expr
    (55) expr -> . expr EQ expr
    (56) expr -> . expr NE expr
    (57) expr -> . expr GT expr
    (58) expr -> . expr GE expr
    (59) expr -> . expr LT expr
    (60) expr -> . expr LE expr
    (61) expr -> . expr AND expr
    (62) expr -> . expr OR expr
    (63) expr -> . MINUS expr
    (64) expr -> . NOT expr
    (65) expr -> . LPAREN expr RPAREN
    (66) expr -> . ID LPAREN arg_list RPAREN
    (67) expr -> . MOD LPAREN arg_list RPAREN
    (68) expr -> . ID
    (69) expr -> . INT_CONST
    (70) expr -> . REAL_CONST
    (71) expr -> . STRING_CONST
    (72) expr -> . TRUE
    (73) expr -> . FALSE

    MINUS           shift and go to state 69
    NOT             shift and go to state 70
    LPAREN          shift and go to state 71
    ID              shift and go to state 67
    MOD             shift and go to state 72
    INT_CONST       shift and go to state 73
    REAL_CONST      shift and go to state 74
    STRING_CONST    shift and go to state 75
    TRUE            shift and go to state 76
    FALSE           shift and go to state 77

    expr                           shift and go to state 128

state 99

    (59) expr -> expr LT . expr
    (50) expr -> . expr PLUS expr
    (51) expr -> . expr MINUS expr
    (52) expr -> . expr STAR expr
    (53) expr -> . expr DIVIDE expr
    (54) expr -> . expr POW expr
    (55) expr -> . expr EQ expr
    (56) expr -> . expr NE expr
    (57) expr -> . expr GT expr
    (58) expr -> . expr GE expr
    (59) expr -> . expr LT expr
    (60) expr -> . expr LE expr
    (61) expr -> . expr AND expr
    (62) expr -> . expr OR expr
    (63) expr -> . MINUS expr
    (64) expr -> . NOT expr
    (65) expr -> . LPAREN expr RPAREN
    (66) expr -> . ID LPAREN arg_list RPAREN
    (67) expr -> . MOD LPAREN arg_list RPAREN
    (68) expr -> . ID
    (69) expr -> . INT_CONST
    (70) expr -> . REAL_CONST
    (71) expr -> . STRING_CONST
    (72) expr -> . TRUE
    (73) expr -> . FALSE

    MINUS           shift and go to state 69
    NOT             shift and go to state 70
    LPAREN          shift and go to state 71
    ID              shift and go to state 67
    MOD             shift and go to state 72
    INT_CONST       shift and go to state 73
    REAL_CONST      shift and go to state 74
    STRING_CONST    shift and go to state 75
    TRUE            shift and go to state 76
    FALSE           shift and go to state 77

    expr                           shift and go to state 129

state 100

    (60) expr -> expr LE . expr
    (50) expr -> . expr PLUS expr
    (51) expr -> . expr MINUS expr
    (52) expr -> . expr STAR expr
    (53) expr -> . expr DIVIDE expr
    (54) expr -> . expr POW expr
    (55) expr -> . expr EQ expr
    (56) expr -> . expr NE expr
    (57) expr -> . expr GT expr
    (58) expr -> . expr GE expr
    (59) expr -> . expr LT expr
    (60) expr -> . expr LE expr
    (61) expr -> . expr AND expr
    (62) expr -> . expr OR expr
    (63) expr -> . MINUS expr
    (64) expr -> . NOT expr
    (65) expr -> . LPAREN expr RPAREN
    (66) expr -> . ID LPAREN arg_list RPAREN
    (67) expr -> . MOD LPAREN arg_list RPAREN
    (68) expr -> . ID
    (69) expr -> . INT_CONST
    (70) expr -> . REAL_CONST
    (71) expr -> . STRING_CONST
    (72) expr -> . TRUE
    (73) expr -> . FALSE

    MINUS           shift and go to state 69
    NOT             shift and go to state 70
    LPAREN          shift and go to state 71
    ID              shift and go to state 67
    MOD             shift and go to state 72
    INT_CONST       shift and go to state 73
    REAL_CONST      shift and go to state 74
    STRING_CONST    shift and go to state 75
    TRUE            shift and go to state 76
    FALSE           shift and go to state 77

    expr                           shift and go to state 130

state 101

    (61) expr -> expr AND . expr
    (50) expr -> . expr PLUS expr
    (51) expr -> . expr MINUS expr
    (52) expr -> . expr STAR expr
    (53) expr -> . expr DIVIDE expr
    (54) expr -> . expr POW expr
    (55) expr -> . expr EQ expr
    (56) expr -> . expr NE expr
    (57) expr -> . expr GT expr
    (58) expr -> . expr GE expr
    (59) expr -> . expr LT expr
    (60) expr -> . expr LE expr
    (61) expr -> . expr AND expr
    (62) expr -> . expr OR expr
    (63) expr -> . MINUS expr
    (64) expr -> . NOT expr
    (65) expr -> . LPAREN expr RPAREN
    (66) expr -> . ID LPAREN arg_list RPAREN
    (67) expr -> . MOD LPAREN arg_list RPAREN
    (68) expr -> . ID
    (69) expr -> . INT_CONST
    (70) expr -> . REAL_CONST
    (71) expr -> . STRING_CONST
    (72) expr -> . TRUE
    (73) expr -> . FALSE

    MINUS           shift and go to state 69
    NOT             shift and go to state 70
    LPAREN          shift and go to state 71
    ID              shift and go to state 67
    MOD             shift and go to state 72
    INT_CONST       shift and go to state 73
    REAL_CONST      shift and go to state 74
    STRING_CONST    shift and go to state 75
    TRUE            shift and go to state 76
    FALSE           shift and go to state 77

    expr                           shift and go to state 131

state 102

    (62) expr -> expr OR . expr
    (50) expr -> . expr PLUS expr
    (51) expr -> . expr MINUS expr
    (52) expr -> . expr STAR expr
    (53) expr -> . expr DIVIDE expr
    (54) expr -> . expr POW expr
    (55) expr -> . expr EQ expr
    (56) expr -> . expr NE expr
    (57) expr -> . expr GT expr
    (58) expr -> . expr GE expr
    (59) expr -> . expr LT expr
    (60) expr -> . expr LE expr
    (61) expr -> . expr AND expr
    (62) expr -> . expr OR expr
    (63) expr -> . MINUS expr
    (64) expr -> . NOT expr
    (65) expr -> . LPAREN expr RPAREN
    (66) expr -> . ID LPAREN arg_list RPAREN
    (67) expr -> . MOD LPAREN arg_list RPAREN
    (68) expr -> . ID
    (69) expr -> . INT_CONST
    (70) expr -> . REAL_CONST
    (71) expr -> . STRING_CONST
    (72) expr -> . TRUE
    (73) expr -> . FALSE

    MINUS           shift and go to state 69
    NOT             shift and go to state 70
    LPAREN          shift and go to state 71
    ID              shift and go to state 67
    MOD             shift and go to state 72
    INT_CONST       shift and go to state 73
    REAL_CONST      shift and go to state 74
    STRING_CONST    shift and go to state 75
    TRUE            shift and go to state 76
    FALSE           shift and go to state 77

    expr                           shift and go to state 132

state 103

    (63) expr -> MINUS expr .
    (50) expr -> expr . PLUS expr
    (51) expr -> expr . MINUS expr
    (52) expr -> expr . STAR expr
    (53) expr -> expr . DIVIDE expr
    (54) expr -> expr . POW expr
    (55) expr -> expr . EQ expr
    (56) expr -> expr . NE expr
    (57) expr -> expr . GT expr
    (58) expr -> expr . GE expr
    (59) expr -> expr . LT expr
    (60) expr -> expr . LE expr
    (61) expr -> expr . AND expr
    (62) expr -> expr . OR expr

    PLUS            reduce using rule 63 (expr -> MINUS expr .)
    MINUS           reduce using rule 63 (expr -> MINUS expr .)
    STAR            reduce using rule 63 (expr -> MINUS expr .)
    DIVIDE          reduce using rule 63 (expr -> MINUS expr .)
    POW             reduce using rule 63 (expr -> MINUS expr .)
    EQ              reduce using rule 63 (expr -> MINUS expr .)
    NE              reduce using rule 63 (expr -> MINUS expr .)
    GT              reduce using rule 63 (expr -> MINUS expr .)
    GE              reduce using rule 63 (expr -> MINUS expr .)
    LT              reduce using rule 63 (expr -> MINUS expr .)
    LE              reduce using rule 63 (expr -> MINUS expr .)
    AND             reduce using rule 63 (expr -> MINUS expr .)
    OR              reduce using rule 63 (expr -> MINUS expr .)
    INT_CONST       reduce using rule 63 (expr -> MINUS expr .)
    ID              reduce using rule 63 (expr -> MINUS expr .)
    PRINT           reduce using rule 63 (expr -> MINUS expr .)
    READ            reduce using rule 63 (expr -> MINUS expr .)
    IF              reduce using rule 63 (expr -> MINUS expr .)
    DO              reduce using rule 63 (expr -> MINUS expr .)
    CONTINUE        reduce using rule 63 (expr -> MINUS expr .)
    GOTO            reduce using rule 63 (expr -> MINUS expr .)
    CALL            reduce using rule 63 (expr -> MINUS expr .)
    RETURN          reduce using rule 63 (expr -> MINUS expr .)
    INTEGER         reduce using rule 63 (expr -> MINUS expr .)
    REAL            reduce using rule 63 (expr -> MINUS expr .)
    LOGICAL         reduce using rule 63 (expr -> MINUS expr .)
    CHARACTER       reduce using rule 63 (expr -> MINUS expr .)
    END             reduce using rule 63 (expr -> MINUS expr .)
    ELSE            reduce using rule 63 (expr -> MINUS expr .)
    ENDIF           reduce using rule 63 (expr -> MINUS expr .)
    RPAREN          reduce using rule 63 (expr -> MINUS expr .)
    COMMA           reduce using rule 63 (expr -> MINUS expr .)

  ! PLUS            [ shift and go to state 90 ]
  ! MINUS           [ shift and go to state 91 ]
  ! STAR            [ shift and go to state 92 ]
  ! DIVIDE          [ shift and go to state 93 ]
  ! POW             [ shift and go to state 94 ]
  ! EQ              [ shift and go to state 95 ]
  ! NE              [ shift and go to state 96 ]
  ! GT              [ shift and go to state 97 ]
  ! GE              [ shift and go to state 98 ]
  ! LT              [ shift and go to state 99 ]
  ! LE              [ shift and go to state 100 ]
  ! AND             [ shift and go to state 101 ]
  ! OR              [ shift and go to state 102 ]


state 104

    (64) expr -> NOT expr .
    (50) expr -> expr . PLUS expr
    (51) expr -> expr . MINUS expr
    (52) expr -> expr . STAR expr
    (53) expr -> expr . DIVIDE expr
    (54) expr -> expr . POW expr
    (55) expr -> expr . EQ expr
    (56) expr -> expr . NE expr
    (57) expr -> expr . GT expr
    (58) expr -> expr . GE expr
    (59) expr -> expr . LT expr
    (60) expr -> expr . LE expr
    (61) expr -> expr . AND expr
    (62) expr -> expr . OR expr

    AND             reduce using rule 64 (expr -> NOT expr .)
    OR              reduce using rule 64 (expr -> NOT expr .)
    INT_CONST       reduce using rule 64 (expr -> NOT expr .)
    ID              reduce using rule 64 (expr -> NOT expr .)
    PRINT           reduce using rule 64 (expr -> NOT expr .)
    READ            reduce using rule 64 (expr -> NOT expr .)
    IF              reduce using rule 64 (expr -> NOT expr .)
    DO              reduce using rule 64 (expr -> NOT expr .)
    CONTINUE        reduce using rule 64 (expr -> NOT expr .)
    GOTO            reduce using rule 64 (expr -> NOT expr .)
    CALL            reduce using rule 64 (expr -> NOT expr .)
    RETURN          reduce using rule 64 (expr -> NOT expr .)
    INTEGER         reduce using rule 64 (expr -> NOT expr .)
    REAL            reduce using rule 64 (expr -> NOT expr .)
    LOGICAL         reduce using rule 64 (expr -> NOT expr .)
    CHARACTER       reduce using rule 64 (expr -> NOT expr .)
    END             reduce using rule 64 (expr -> NOT expr .)
    ELSE            reduce using rule 64 (expr -> NOT expr .)
    ENDIF           reduce using rule 64 (expr -> NOT expr .)
    RPAREN          reduce using rule 64 (expr -> NOT expr .)
    COMMA           reduce using rule 64 (expr -> NOT expr .)
    PLUS            shift and go to state 90
    MINUS           shift and go to state 91
    STAR            shift and go to state 92
    DIVIDE          shift and go to state 93
    POW             shift and go to state 94
    EQ              shift and go to state 95
    NE              shift and go to state 96
    GT              shift and go to state 97
    GE              shift and go to state 98
    LT              shift and go to state 99
    LE              shift and go to state 100

  ! PLUS            [ reduce using rule 64 (expr -> NOT expr .) ]
  ! MINUS           [ reduce using rule 64 (expr -> NOT expr .) ]
  ! STAR            [ reduce using rule 64 (expr -> NOT expr .) ]
  ! DIVIDE          [ reduce using rule 64 (expr -> NOT expr .) ]
  ! POW             [ reduce using rule 64 (expr -> NOT expr .) ]
  ! EQ              [ reduce using rule 64 (expr -> NOT expr .) ]
  ! NE              [ reduce using rule 64 (expr -> NOT expr .) ]
  ! GT              [ reduce using rule 64 (expr -> NOT expr .) ]
  ! GE              [ reduce using rule 64 (expr -> NOT expr .) ]
  ! LT              [ reduce using rule 64 (expr -> NOT expr .) ]
  ! LE              [ reduce using rule 64 (expr -> NOT expr .) ]
  ! AND             [ shift and go to state 101 ]
  ! OR              [ shift and go to state 102 ]


state 105

    (65) expr -> LPAREN expr . RPAREN
    (50) expr -> expr . PLUS expr
    (51) expr -> expr . MINUS expr
    (52) expr -> expr . STAR expr
    (53) expr -> expr . DIVIDE expr
    (54) expr -> expr . POW expr
    (55) expr -> expr . EQ expr
    (56) expr -> expr . NE expr
    (57) expr -> expr . GT expr
    (58) expr -> expr . GE expr
    (59) expr -> expr . LT expr
    (60) expr -> expr . LE expr
    (61) expr -> expr . AND expr
    (62) expr -> expr . OR expr

    RPAREN          shift and go to state 133
    PLUS            shift and go to state 90
    MINUS           shift and go to state 91
    STAR            shift and go to state 92
    DIVIDE          shift and go to state 93
    POW             shift and go to state 94
    EQ              shift and go to state 95
    NE              shift and go to state 96
    GT              shift and go to state 97
    GE              shift and go to state 98
    LT              shift and go to state 99
    LE              shift and go to state 100
    AND             shift and go to state 101
    OR              shift and go to state 102


state 106

    (67) expr -> MOD LPAREN . arg_list RPAREN
    (74) arg_list -> . expr COMMA arg_list
    (75) arg_list -> . expr
    (76) arg_list -> . empty
    (50) expr -> . expr PLUS expr
    (51) expr -> . expr MINUS expr
    (52) expr -> . expr STAR expr
    (53) expr -> . expr DIVIDE expr
    (54) expr -> . expr POW expr
    (55) expr -> . expr EQ expr
    (56) expr -> . expr NE expr
    (57) expr -> . expr GT expr
    (58) expr -> . expr GE expr
    (59) expr -> . expr LT expr
    (60) expr -> . expr LE expr
    (61) expr -> . expr AND expr
    (62) expr -> . expr OR expr
    (63) expr -> . MINUS expr
    (64) expr -> . NOT expr
    (65) expr -> . LPAREN expr RPAREN
    (66) expr -> . ID LPAREN arg_list RPAREN
    (67) expr -> . MOD LPAREN arg_list RPAREN
    (68) expr -> . ID
    (69) expr -> . INT_CONST
    (70) expr -> . REAL_CONST
    (71) expr -> . STRING_CONST
    (72) expr -> . TRUE
    (73) expr -> . FALSE
    (77) empty -> .

    MINUS           shift and go to state 69
    NOT             shift and go to state 70
    LPAREN          shift and go to state 71
    ID              shift and go to state 67
    MOD             shift and go to state 72
    INT_CONST       shift and go to state 73
    REAL_CONST      shift and go to state 74
    STRING_CONST    shift and go to state 75
    TRUE            shift and go to state 76
    FALSE           shift and go to state 77
    RPAREN          reduce using rule 77 (empty -> .)

    arg_list                       shift and go to state 134
    expr                           shift and go to state 114
    empty                          shift and go to state 115

state 107

    (37) assignment -> ID LPAREN expr RPAREN . ASSIGN expr

    ASSIGN          shift and go to state 135


state 108

    (38) print_stmt -> PRINT STAR COMMA print_list .

    INT_CONST       reduce using rule 38 (print_stmt -> PRINT STAR COMMA print_list .)
    ID              reduce using rule 38 (print_stmt -> PRINT STAR COMMA print_list .)
    PRINT           reduce using rule 38 (print_stmt -> PRINT STAR COMMA print_list .)
    READ            reduce using rule 38 (print_stmt -> PRINT STAR COMMA print_list .)
    IF              reduce using rule 38 (print_stmt -> PRINT STAR COMMA print_list .)
    DO              reduce using rule 38 (print_stmt -> PRINT STAR COMMA print_list .)
    CONTINUE        reduce using rule 38 (print_stmt -> PRINT STAR COMMA print_list .)
    GOTO            reduce using rule 38 (print_stmt -> PRINT STAR COMMA print_list .)
    CALL            reduce using rule 38 (print_stmt -> PRINT STAR COMMA print_list .)
    RETURN          reduce using rule 38 (print_stmt -> PRINT STAR COMMA print_list .)
    INTEGER         reduce using rule 38 (print_stmt -> PRINT STAR COMMA print_list .)
    REAL            reduce using rule 38 (print_stmt -> PRINT STAR COMMA print_list .)
    LOGICAL         reduce using rule 38 (print_stmt -> PRINT STAR COMMA print_list .)
    CHARACTER       reduce using rule 38 (print_stmt -> PRINT STAR COMMA print_list .)
    END             reduce using rule 38 (print_stmt -> PRINT STAR COMMA print_list .)
    ELSE            reduce using rule 38 (print_stmt -> PRINT STAR COMMA print_list .)
    ENDIF           reduce using rule 38 (print_stmt -> PRINT STAR COMMA print_list .)


state 109

    (39) print_list -> expr . COMMA print_list
    (40) print_list -> expr .
    (50) expr -> expr . PLUS expr
    (51) expr -> expr . MINUS expr
    (52) expr -> expr . STAR expr
    (53) expr -> expr . DIVIDE expr
    (54) expr -> expr . POW expr
    (55) expr -> expr . EQ expr
    (56) expr -> expr . NE expr
    (57) expr -> expr . GT expr
    (58) expr -> expr . GE expr
    (59) expr -> expr . LT expr
    (60) expr -> expr . LE expr
    (61) expr -> expr . AND expr
    (62) expr -> expr . OR expr

    COMMA           shift and go to state 136
    INT_CONST       reduce using rule 40 (print_list -> expr .)
    ID              reduce using rule 40 (print_list -> expr .)
    PRINT           reduce using rule 40 (print_list -> expr .)
    READ            reduce using rule 40 (print_list -> expr .)
    IF              reduce using rule 40 (print_list -> expr .)
    DO              reduce using rule 40 (print_list -> expr .)
    CONTINUE        reduce using rule 40 (print_list -> expr .)
    GOTO            reduce using rule 40 (print_list -> expr .)
    CALL            reduce using rule 40 (print_list -> expr .)
    RETURN          reduce using rule 40 (print_list -> expr .)
    INTEGER         reduce using rule 40 (print_list -> expr .)
    REAL            reduce using rule 40 (print_list -> expr .)
    LOGICAL         reduce using rule 40 (print_list -> expr .)
    CHARACTER       reduce using rule 40 (print_list -> expr .)
    END             reduce using rule 40 (print_list -> expr .)
    ELSE            reduce using rule 40 (print_list -> expr .)
    ENDIF           reduce using rule 40 (print_list -> expr .)
    PLUS            shift and go to state 90
    MINUS           shift and go to state 91
    STAR            shift and go to state 92
    DIVIDE          shift and go to state 93
    POW             shift and go to state 94
    EQ              shift and go to state 95
    NE              shift and go to state 96
    GT              shift and go to state 97
    GE              shift and go to state 98
    LT              shift and go to state 99
    LE              shift and go to state 100
    AND             shift and go to state 101
    OR              shift and go to state 102


state 110

    (41) read_stmt -> READ STAR COMMA ID .
    (42) read_stmt -> READ STAR COMMA ID . LPAREN expr RPAREN

    INT_CONST       reduce using rule 41 (read_stmt -> READ STAR COMMA ID .)
    ID              reduce using rule 41 (read_stmt -> READ STAR COMMA ID .)
    PRINT           reduce using rule 41 (read_stmt -> READ STAR COMMA ID .)
    READ            reduce using rule 41 (read_stmt -> READ STAR COMMA ID .)
    IF              reduce using rule 41 (read_stmt -> READ STAR COMMA ID .)
    DO              reduce using rule 41 (read_stmt -> READ STAR COMMA ID .)
    CONTINUE        reduce using rule 41 (read_stmt -> READ STAR COMMA ID .)
    GOTO            reduce using rule 41 (read_stmt -> READ STAR COMMA ID .)
    CALL            reduce using rule 41 (read_stmt -> READ STAR COMMA ID .)
    RETURN          reduce using rule 41 (read_stmt -> READ STAR COMMA ID .)
    INTEGER         reduce using rule 41 (read_stmt -> READ STAR COMMA ID .)
    REAL            reduce using rule 41 (read_stmt -> READ STAR COMMA ID .)
    LOGICAL         reduce using rule 41 (read_stmt -> READ STAR COMMA ID .)
    CHARACTER       reduce using rule 41 (read_stmt -> READ STAR COMMA ID .)
    END             reduce using rule 41 (read_stmt -> READ STAR COMMA ID .)
    ELSE            reduce using rule 41 (read_stmt -> READ STAR COMMA ID .)
    ENDIF           reduce using rule 41 (read_stmt -> READ STAR COMMA ID .)
    LPAREN          shift and go to state 137


state 111

    (43) if_stmt -> IF LPAREN expr RPAREN . THEN statement_list ELSE statement_list ENDIF
    (44) if_stmt -> IF LPAREN expr RPAREN . THEN statement_list ENDIF

    THEN            shift and go to state 138


state 112

    (45) do_stmt -> DO INT_CONST ID ASSIGN . expr COMMA expr
    (50) expr -> . expr PLUS expr
    (51) expr -> . expr MINUS expr
    (52) expr -> . expr STAR expr
    (53) expr -> . expr DIVIDE expr
    (54) expr -> . expr POW expr
    (55) expr -> . expr EQ expr
    (56) expr -> . expr NE expr
    (57) expr -> . expr GT expr
    (58) expr -> . expr GE expr
    (59) expr -> . expr LT expr
    (60) expr -> . expr LE expr
    (61) expr -> . expr AND expr
    (62) expr -> . expr OR expr
    (63) expr -> . MINUS expr
    (64) expr -> . NOT expr
    (65) expr -> . LPAREN expr RPAREN
    (66) expr -> . ID LPAREN arg_list RPAREN
    (67) expr -> . MOD LPAREN arg_list RPAREN
    (68) expr -> . ID
    (69) expr -> . INT_CONST
    (70) expr -> . REAL_CONST
    (71) expr -> . STRING_CONST
    (72) expr -> . TRUE
    (73) expr -> . FALSE

    MINUS           shift and go to state 69
    NOT             shift and go to state 70
    LPAREN          shift and go to state 71
    ID              shift and go to state 67
    MOD             shift and go to state 72
    INT_CONST       shift and go to state 73
    REAL_CONST      shift and go to state 74
    STRING_CONST    shift and go to state 75
    TRUE            shift and go to state 76
    FALSE           shift and go to state 77

    expr                           shift and go to state 139

state 113

    (48) call_stmt -> CALL ID LPAREN arg_list . RPAREN

    RPAREN          shift and go to state 140


state 114

    (74) arg_list -> expr . COMMA arg_list
    (75) arg_list -> expr .
    (50) expr -> expr . PLUS expr
    (51) expr -> expr . MINUS expr
    (52) expr -> expr . STAR expr
    (53) expr -> expr . DIVIDE expr
    (54) expr -> expr . POW expr
    (55) expr -> expr . EQ expr
    (56) expr -> expr . NE expr
    (57) expr -> expr . GT expr
    (58) expr -> expr . GE expr
    (59) expr -> expr . LT expr
    (60) expr -> expr . LE expr
    (61) expr -> expr . AND expr
    (62) expr -> expr . OR expr

    COMMA           shift and go to state 141
    RPAREN          reduce using rule 75 (arg_list -> expr .)
    PLUS            shift and go to state 90
    MINUS           shift and go to state 91
    STAR            shift and go to state 92
    DIVIDE          shift and go to state 93
    POW             shift and go to state 94
    EQ              shift and go to state 95
    NE              shift and go to state 96
    GT              shift and go to state 97
    GE              shift and go to state 98
    LT              shift and go to state 99
    LE              shift and go to state 100
    AND             shift and go to state 101
    OR              shift and go to state 102


state 115

    (76) arg_list -> empty .

    RPAREN          reduce using rule 76 (arg_list -> empty .)


state 116

    (8) subroutine_definition -> SUBROUTINE ID LPAREN param_list RPAREN statement_list END .

    PROGRAM         reduce using rule 8 (subroutine_definition -> SUBROUTINE ID LPAREN param_list RPAREN statement_list END .)
    SUBROUTINE      reduce using rule 8 (subroutine_definition -> SUBROUTINE ID LPAREN param_list RPAREN statement_list END .)
    INTEGER         reduce using rule 8 (subroutine_definition -> SUBROUTINE ID LPAREN param_list RPAREN statement_list END .)
    REAL            reduce using rule 8 (subroutine_definition -> SUBROUTINE ID LPAREN param_list RPAREN statement_list END .)
    LOGICAL         reduce using rule 8 (subroutine_definition -> SUBROUTINE ID LPAREN param_list RPAREN statement_list END .)
    CHARACTER       reduce using rule 8 (subroutine_definition -> SUBROUTINE ID LPAREN param_list RPAREN statement_list END .)
    $end            reduce using rule 8 (subroutine_definition -> SUBROUTINE ID LPAREN param_list RPAREN statement_list END .)


state 117

    (9) function_definition -> type FUNCTION ID LPAREN param_list RPAREN statement_list . END

    END             shift and go to state 142


state 118

    (34) id_decl -> ID LPAREN INT_CONST RPAREN .

    COMMA           reduce using rule 34 (id_decl -> ID LPAREN INT_CONST RPAREN .)
    INT_CONST       reduce using rule 34 (id_decl -> ID LPAREN INT_CONST RPAREN .)
    ID              reduce using rule 34 (id_decl -> ID LPAREN INT_CONST RPAREN .)
    PRINT           reduce using rule 34 (id_decl -> ID LPAREN INT_CONST RPAREN .)
    READ            reduce using rule 34 (id_decl -> ID LPAREN INT_CONST RPAREN .)
    IF              reduce using rule 34 (id_decl -> ID LPAREN INT_CONST RPAREN .)
    DO              reduce using rule 34 (id_decl -> ID LPAREN INT_CONST RPAREN .)
    CONTINUE        reduce using rule 34 (id_decl -> ID LPAREN INT_CONST RPAREN .)
    GOTO            reduce using rule 34 (id_decl -> ID LPAREN INT_CONST RPAREN .)
    CALL            reduce using rule 34 (id_decl -> ID LPAREN INT_CONST RPAREN .)
    RETURN          reduce using rule 34 (id_decl -> ID LPAREN INT_CONST RPAREN .)
    INTEGER         reduce using rule 34 (id_decl -> ID LPAREN INT_CONST RPAREN .)
    REAL            reduce using rule 34 (id_decl -> ID LPAREN INT_CONST RPAREN .)
    LOGICAL         reduce using rule 34 (id_decl -> ID LPAREN INT_CONST RPAREN .)
    CHARACTER       reduce using rule 34 (id_decl -> ID LPAREN INT_CONST RPAREN .)
    END             reduce using rule 34 (id_decl -> ID LPAREN INT_CONST RPAREN .)
    ELSE            reduce using rule 34 (id_decl -> ID LPAREN INT_CONST RPAREN .)
    ENDIF           reduce using rule 34 (id_decl -> ID LPAREN INT_CONST RPAREN .)


state 119

    (66) expr -> ID LPAREN arg_list . RPAREN

    RPAREN          shift and go to state 143


state 120

    (50) expr -> expr PLUS expr .
    (50) expr -> expr . PLUS expr
    (51) expr -> expr . MINUS expr
    (52) expr -> expr . STAR expr
    (53) expr -> expr . DIVIDE expr
    (54) expr -> expr . POW expr
    (55) expr -> expr . EQ expr
    (56) expr -> expr . NE expr
    (57) expr -> expr . GT expr
    (58) expr -> expr . GE expr
    (59) expr -> expr . LT expr
    (60) expr -> expr . LE expr
    (61) expr -> expr . AND expr
    (62) expr -> expr . OR expr

    PLUS            reduce using rule 50 (expr -> expr PLUS expr .)
    MINUS           reduce using rule 50 (expr -> expr PLUS expr .)
    EQ              reduce using rule 50 (expr -> expr PLUS expr .)
    NE              reduce using rule 50 (expr -> expr PLUS expr .)
    GT              reduce using rule 50 (expr -> expr PLUS expr .)
    GE              reduce using rule 50 (expr -> expr PLUS expr .)
    LT              reduce using rule 50 (expr -> expr PLUS expr .)
    LE              reduce using rule 50 (expr -> expr PLUS expr .)
    AND             reduce using rule 50 (expr -> expr PLUS expr .)
    OR              reduce using rule 50 (expr -> expr PLUS expr .)
    INT_CONST       reduce using rule 50 (expr -> expr PLUS expr .)
    ID              reduce using rule 50 (expr -> expr PLUS expr .)
    PRINT           reduce using rule 50 (expr -> expr PLUS expr .)
    READ            reduce using rule 50 (expr -> expr PLUS expr .)
    IF              reduce using rule 50 (expr -> expr PLUS expr .)
    DO              reduce using rule 50 (expr -> expr PLUS expr .)
    CONTINUE        reduce using rule 50 (expr -> expr PLUS expr .)
    GOTO            reduce using rule 50 (expr -> expr PLUS expr .)
    CALL            reduce using rule 50 (expr -> expr PLUS expr .)
    RETURN          reduce using rule 50 (expr -> expr PLUS expr .)
    INTEGER         reduce using rule 50 (expr -> expr PLUS expr .)
    REAL            reduce using rule 50 (expr -> expr PLUS expr .)
    LOGICAL         reduce using rule 50 (expr -> expr PLUS expr .)
    CHARACTER       reduce using rule 50 (expr -> expr PLUS expr .)
    END             reduce using rule 50 (expr -> expr PLUS expr .)
    ELSE            reduce using rule 50 (expr -> expr PLUS expr .)
    ENDIF           reduce using rule 50 (expr -> expr PLUS expr .)
    RPAREN          reduce using rule 50 (expr -> expr PLUS expr .)
    COMMA           reduce using rule 50 (expr -> expr PLUS expr .)
    STAR            shift and go to state 92
    DIVIDE          shift and go to state 93
    POW             shift and go to state 94

  ! STAR            [ reduce using rule 50 (expr -> expr PLUS expr .) ]
  ! DIVIDE          [ reduce using rule 50 (expr -> expr PLUS expr .) ]
  ! POW             [ reduce using rule 50 (expr -> expr PLUS expr .) ]
  ! PLUS            [ shift and go to state 90 ]
  ! MINUS           [ shift and go to state 91 ]
  ! EQ              [ shift and go to state 95 ]
  ! NE              [ shift and go to state 96 ]
  ! GT              [ shift and go to state 97 ]
  ! GE              [ shift and go to state 98 ]
  ! LT              [ shift and go to state 99 ]
  ! LE              [ shift and go to state 100 ]
  ! AND             [ shift and go to state 101 ]
  ! OR              [ shift and go to state 102 ]


state 121

    (51) expr -> expr MINUS expr .
    (50) expr -> expr . PLUS expr
    (51) expr -> expr . MINUS expr
    (52) expr -> expr . STAR expr
    (53) expr -> expr . DIVIDE expr
    (54) expr -> expr . POW expr
    (55) expr -> expr . EQ expr
    (56) expr -> expr . NE expr
    (57) expr -> expr . GT expr
    (58) expr -> expr . GE expr
    (59) expr -> expr . LT expr
    (60) expr -> expr . LE expr
    (61) expr -> expr . AND expr
    (62) expr -> expr . OR expr

    PLUS            reduce using rule 51 (expr -> expr MINUS expr .)
    MINUS           reduce using rule 51 (expr -> expr MINUS expr .)
    EQ              reduce using rule 51 (expr -> expr MINUS expr .)
    NE              reduce using rule 51 (expr -> expr MINUS expr .)
    GT              reduce using rule 51 (expr -> expr MINUS expr .)
    GE              reduce using rule 51 (expr -> expr MINUS expr .)
    LT              reduce using rule 51 (expr -> expr MINUS expr .)
    LE              reduce using rule 51 (expr -> expr MINUS expr .)
    AND             reduce using rule 51 (expr -> expr MINUS expr .)
    OR              reduce using rule 51 (expr -> expr MINUS expr .)
    INT_CONST       reduce using rule 51 (expr -> expr MINUS expr .)
    ID              reduce using rule 51 (expr -> expr MINUS expr .)
    PRINT           reduce using rule 51 (expr -> expr MINUS expr .)
    READ            reduce using rule 51 (expr -> expr MINUS expr .)
    IF              reduce using rule 51 (expr -> expr MINUS expr .)
    DO              reduce using rule 51 (expr -> expr MINUS expr .)
    CONTINUE        reduce using rule 51 (expr -> expr MINUS expr .)
    GOTO            reduce using rule 51 (expr -> expr MINUS expr .)
    CALL            reduce using rule 51 (expr -> expr MINUS expr .)
    RETURN          reduce using rule 51 (expr -> expr MINUS expr .)
    INTEGER         reduce using rule 51 (expr -> expr MINUS expr .)
    REAL            reduce using rule 51 (expr -> expr MINUS expr .)
    LOGICAL         reduce using rule 51 (expr -> expr MINUS expr .)
    CHARACTER       reduce using rule 51 (expr -> expr MINUS expr .)
    END             reduce using rule 51 (expr -> expr MINUS expr .)
    ELSE            reduce using rule 51 (expr -> expr MINUS expr .)
    ENDIF           reduce using rule 51 (expr -> expr MINUS expr .)
    RPAREN          reduce using rule 51 (expr -> expr MINUS expr .)
    COMMA           reduce using rule 51 (expr -> expr MINUS expr .)
    STAR            shift and go to state 92
    DIVIDE          shift and go to state 93
    POW             shift and go to state 94

  ! STAR            [ reduce using rule 51 (expr -> expr MINUS expr .) ]
  ! DIVIDE          [ reduce using rule 51 (expr -> expr MINUS expr .) ]
  ! POW             [ reduce using rule 51 (expr -> expr MINUS expr .) ]
  ! PLUS            [ shift and go to state 90 ]
  ! MINUS           [ shift and go to state 91 ]
  ! EQ              [ shift and go to state 95 ]
  ! NE              [ shift and go to state 96 ]
  ! GT              [ shift and go to state 97 ]
  ! GE              [ shift and go to state 98 ]
  ! LT              [ shift and go to state 99 ]
  ! LE              [ shift and go to state 100 ]
  ! AND             [ shift and go to state 101 ]
  ! OR              [ shift and go to state 102 ]


state 122

    (52) expr -> expr STAR expr .
    (50) expr -> expr . PLUS expr
    (51) expr -> expr . MINUS expr
    (52) expr -> expr . STAR expr
    (53) expr -> expr . DIVIDE expr
    (54) expr -> expr . POW expr
    (55) expr -> expr . EQ expr
    (56) expr -> expr . NE expr
    (57) expr -> expr . GT expr
    (58) expr -> expr . GE expr
    (59) expr -> expr . LT expr
    (60) expr -> expr . LE expr
    (61) expr -> expr . AND expr
    (62) expr -> expr . OR expr

    PLUS            reduce using rule 52 (expr -> expr STAR expr .)
    MINUS           reduce using rule 52 (expr -> expr STAR expr .)
    STAR            reduce using rule 52 (expr -> expr STAR expr .)
    DIVIDE          reduce using rule 52 (expr -> expr STAR expr .)
    EQ              reduce using rule 52 (expr -> expr STAR expr .)
    NE              reduce using rule 52 (expr -> expr STAR expr .)
    GT              reduce using rule 52 (expr -> expr STAR expr .)
    GE              reduce using rule 52 (expr -> expr STAR expr .)
    LT              reduce using rule 52 (expr -> expr STAR expr .)
    LE              reduce using rule 52 (expr -> expr STAR expr .)
    AND             reduce using rule 52 (expr -> expr STAR expr .)
    OR              reduce using rule 52 (expr -> expr STAR expr .)
    INT_CONST       reduce using rule 52 (expr -> expr STAR expr .)
    ID              reduce using rule 52 (expr -> expr STAR expr .)
    PRINT           reduce using rule 52 (expr -> expr STAR expr .)
    READ            reduce using rule 52 (expr -> expr STAR expr .)
    IF              reduce using rule 52 (expr -> expr STAR expr .)
    DO              reduce using rule 52 (expr -> expr STAR expr .)
    CONTINUE        reduce using rule 52 (expr -> expr STAR expr .)
    GOTO            reduce using rule 52 (expr -> expr STAR expr .)
    CALL            reduce using rule 52 (expr -> expr STAR expr .)
    RETURN          reduce using rule 52 (expr -> expr STAR expr .)
    INTEGER         reduce using rule 52 (expr -> expr STAR expr .)
    REAL            reduce using rule 52 (expr -> expr STAR expr .)
    LOGICAL         reduce using rule 52 (expr -> expr STAR expr .)
    CHARACTER       reduce using rule 52 (expr -> expr STAR expr .)
    END             reduce using rule 52 (expr -> expr STAR expr .)
    ELSE            reduce using rule 52 (expr -> expr STAR expr .)
    ENDIF           reduce using rule 52 (expr -> expr STAR expr .)
    RPAREN          reduce using rule 52 (expr -> expr STAR expr .)
    COMMA           reduce using rule 52 (expr -> expr STAR expr .)
    POW             shift and go to state 94

  ! POW             [ reduce using rule 52 (expr -> expr STAR expr .) ]
  ! PLUS            [ shift and go to state 90 ]
  ! MINUS           [ shift and go to state 91 ]
  ! STAR            [ shift and go to state 92 ]
  ! DIVIDE          [ shift and go to state 93 ]
  ! EQ              [ shift and go to state 95 ]
  ! NE              [ shift and go to state 96 ]
  ! GT              [ shift and go to state 97 ]
  ! GE              [ shift and go to state 98 ]
  ! LT              [ shift and go to state 99 ]
  ! LE              [ shift and go to state 100 ]
  ! AND             [ shift and go to state 101 ]
  ! OR              [ shift and go to state 102 ]


state 123

    (53) expr -> expr DIVIDE expr .
    (50) expr -> expr . PLUS expr
    (51) expr -> expr . MINUS expr
    (52) expr -> expr . STAR expr
    (53) expr -> expr . DIVIDE expr
    (54) expr -> expr . POW expr
    (55) expr -> expr . EQ expr
    (56) expr -> expr . NE expr
    (57) expr -> expr . GT expr
    (58) expr -> expr . GE expr
    (59) expr -> expr . LT expr
    (60) expr -> expr . LE expr
    (61) expr -> expr . AND expr
    (62) expr -> expr . OR expr

    PLUS            reduce using rule 53 (expr -> expr DIVIDE expr .)
    MINUS           reduce using rule 53 (expr -> expr DIVIDE expr .)
    STAR            reduce using rule 53 (expr -> expr DIVIDE expr .)
    DIVIDE          reduce using rule 53 (expr -> expr DIVIDE expr .)
    EQ              reduce using rule 53 (expr -> expr DIVIDE expr .)
    NE              reduce using rule 53 (expr -> expr DIVIDE expr .)
    GT              reduce using rule 53 (expr -> expr DIVIDE expr .)
    GE              reduce using rule 53 (expr -> expr DIVIDE expr .)
    LT              reduce using rule 53 (expr -> expr DIVIDE expr .)
    LE              reduce using rule 53 (expr -> expr DIVIDE expr .)
    AND             reduce using rule 53 (expr -> expr DIVIDE expr .)
    OR              reduce using rule 53 (expr -> expr DIVIDE expr .)
    INT_CONST       reduce using rule 53 (expr -> expr DIVIDE expr .)
    ID              reduce using rule 53 (expr -> expr DIVIDE expr .)
    PRINT           reduce using rule 53 (expr -> expr DIVIDE expr .)
    READ            reduce using rule 53 (expr -> expr DIVIDE expr .)
    IF              reduce using rule 53 (expr -> expr DIVIDE expr .)
    DO              reduce using rule 53 (expr -> expr DIVIDE expr .)
    CONTINUE        reduce using rule 53 (expr -> expr DIVIDE expr .)
    GOTO            reduce using rule 53 (expr -> expr DIVIDE expr .)
    CALL            reduce using rule 53 (expr -> expr DIVIDE expr .)
    RETURN          reduce using rule 53 (expr -> expr DIVIDE expr .)
    INTEGER         reduce using rule 53 (expr -> expr DIVIDE expr .)
    REAL            reduce using rule 53 (expr -> expr DIVIDE expr .)
    LOGICAL         reduce using rule 53 (expr -> expr DIVIDE expr .)
    CHARACTER       reduce using rule 53 (expr -> expr DIVIDE expr .)
    END             reduce using rule 53 (expr -> expr DIVIDE expr .)
    ELSE            reduce using rule 53 (expr -> expr DIVIDE expr .)
    ENDIF           reduce using rule 53 (expr -> expr DIVIDE expr .)
    RPAREN          reduce using rule 53 (expr -> expr DIVIDE expr .)
    COMMA           reduce using rule 53 (expr -> expr DIVIDE expr .)
    POW             shift and go to state 94

  ! POW             [ reduce using rule 53 (expr -> expr DIVIDE expr .) ]
  ! PLUS            [ shift and go to state 90 ]
  ! MINUS           [ shift and go to state 91 ]
  ! STAR            [ shift and go to state 92 ]
  ! DIVIDE          [ shift and go to state 93 ]
  ! EQ              [ shift and go to state 95 ]
  ! NE              [ shift and go to state 96 ]
  ! GT              [ shift and go to state 97 ]
  ! GE              [ shift and go to state 98 ]
  ! LT              [ shift and go to state 99 ]
  ! LE              [ shift and go to state 100 ]
  ! AND             [ shift and go to state 101 ]
  ! OR              [ shift and go to state 102 ]


state 124

    (54) expr -> expr POW expr .
    (50) expr -> expr . PLUS expr
    (51) expr -> expr . MINUS expr
    (52) expr -> expr . STAR expr
    (53) expr -> expr . DIVIDE expr
    (54) expr -> expr . POW expr
    (55) expr -> expr . EQ expr
    (56) expr -> expr . NE expr
    (57) expr -> expr . GT expr
    (58) expr -> expr . GE expr
    (59) expr -> expr . LT expr
    (60) expr -> expr . LE expr
    (61) expr -> expr . AND expr
    (62) expr -> expr . OR expr

    PLUS            reduce using rule 54 (expr -> expr POW expr .)
    MINUS           reduce using rule 54 (expr -> expr POW expr .)
    STAR            reduce using rule 54 (expr -> expr POW expr .)
    DIVIDE          reduce using rule 54 (expr -> expr POW expr .)
    EQ              reduce using rule 54 (expr -> expr POW expr .)
    NE              reduce using rule 54 (expr -> expr POW expr .)
    GT              reduce using rule 54 (expr -> expr POW expr .)
    GE              reduce using rule 54 (expr -> expr POW expr .)
    LT              reduce using rule 54 (expr -> expr POW expr .)
    LE              reduce using rule 54 (expr -> expr POW expr .)
    AND             reduce using rule 54 (expr -> expr POW expr .)
    OR              reduce using rule 54 (expr -> expr POW expr .)
    INT_CONST       reduce using rule 54 (expr -> expr POW expr .)
    ID              reduce using rule 54 (expr -> expr POW expr .)
    PRINT           reduce using rule 54 (expr -> expr POW expr .)
    READ            reduce using rule 54 (expr -> expr POW expr .)
    IF              reduce using rule 54 (expr -> expr POW expr .)
    DO              reduce using rule 54 (expr -> expr POW expr .)
    CONTINUE        reduce using rule 54 (expr -> expr POW expr .)
    GOTO            reduce using rule 54 (expr -> expr POW expr .)
    CALL            reduce using rule 54 (expr -> expr POW expr .)
    RETURN          reduce using rule 54 (expr -> expr POW expr .)
    INTEGER         reduce using rule 54 (expr -> expr POW expr .)
    REAL            reduce using rule 54 (expr -> expr POW expr .)
    LOGICAL         reduce using rule 54 (expr -> expr POW expr .)
    CHARACTER       reduce using rule 54 (expr -> expr POW expr .)
    END             reduce using rule 54 (expr -> expr POW expr .)
    ELSE            reduce using rule 54 (expr -> expr POW expr .)
    ENDIF           reduce using rule 54 (expr -> expr POW expr .)
    RPAREN          reduce using rule 54 (expr -> expr POW expr .)
    COMMA           reduce using rule 54 (expr -> expr POW expr .)
    POW             shift and go to state 94

  ! POW             [ reduce using rule 54 (expr -> expr POW expr .) ]
  ! PLUS            [ shift and go to state 90 ]
  ! MINUS           [ shift and go to state 91 ]
  ! STAR            [ shift and go to state 92 ]
  ! DIVIDE          [ shift and go to state 93 ]
  ! EQ              [ shift and go to state 95 ]
  ! NE              [ shift and go to state 96 ]
  ! GT              [ shift and go to state 97 ]
  ! GE              [ shift and go to state 98 ]
  ! LT              [ shift and go to state 99 ]
  ! LE              [ shift and go to state 100 ]
  ! AND             [ shift and go to state 101 ]
  ! OR              [ shift and go to state 102 ]


state 125

    (55) expr -> expr EQ expr .
    (50) expr -> expr . PLUS expr
    (51) expr -> expr . MINUS expr
    (52) expr -> expr . STAR expr
    (53) expr -> expr . DIVIDE expr
    (54) expr -> expr . POW expr
    (55) expr -> expr . EQ expr
    (56) expr -> expr . NE expr
    (57) expr -> expr . GT expr
    (58) expr -> expr . GE expr
    (59) expr -> expr . LT expr
    (60) expr -> expr . LE expr
    (61) expr -> expr . AND expr
    (62) expr -> expr . OR expr

    EQ              reduce using rule 55 (expr -> expr EQ expr .)
    NE              reduce using rule 55 (expr -> expr EQ expr .)
    GT              reduce using rule 55 (expr -> expr EQ expr .)
    GE              reduce using rule 55 (expr -> expr EQ expr .)
    LT              reduce using rule 55 (expr -> expr EQ expr .)
    LE              reduce using rule 55 (expr -> expr EQ expr .)
    AND             reduce using rule 55 (expr -> expr EQ expr .)
    OR              reduce using rule 55 (expr -> expr EQ expr .)
    INT_CONST       reduce using rule 55 (expr -> expr EQ expr .)
    ID              reduce using rule 55 (expr -> expr EQ expr .)
    PRINT           reduce using rule 55 (expr -> expr EQ expr .)
    READ            reduce using rule 55 (expr -> expr EQ expr .)
    IF              reduce using rule 55 (expr -> expr EQ expr .)
    DO              reduce using rule 55 (expr -> expr EQ expr .)
    CONTINUE        reduce using rule 55 (expr -> expr EQ expr .)
    GOTO            reduce using rule 55 (expr -> expr EQ expr .)
    CALL            reduce using rule 55 (expr -> expr EQ expr .)
    RETURN          reduce using rule 55 (expr -> expr EQ expr .)
    INTEGER         reduce using rule 55 (expr -> expr EQ expr .)
    REAL            reduce using rule 55 (expr -> expr EQ expr .)
    LOGICAL         reduce using rule 55 (expr -> expr EQ expr .)
    CHARACTER       reduce using rule 55 (expr -> expr EQ expr .)
    END             reduce using rule 55 (expr -> expr EQ expr .)
    ELSE            reduce using rule 55 (expr -> expr EQ expr .)
    ENDIF           reduce using rule 55 (expr -> expr EQ expr .)
    RPAREN          reduce using rule 55 (expr -> expr EQ expr .)
    COMMA           reduce using rule 55 (expr -> expr EQ expr .)
    PLUS            shift and go to state 90
    MINUS           shift and go to state 91
    STAR            shift and go to state 92
    DIVIDE          shift and go to state 93
    POW             shift and go to state 94

  ! PLUS            [ reduce using rule 55 (expr -> expr EQ expr .) ]
  ! MINUS           [ reduce using rule 55 (expr -> expr EQ expr .) ]
  ! STAR            [ reduce using rule 55 (expr -> expr EQ expr .) ]
  ! DIVIDE          [ reduce using rule 55 (expr -> expr EQ expr .) ]
  ! POW             [ reduce using rule 55 (expr -> expr EQ expr .) ]
  ! EQ              [ shift and go to state 95 ]
  ! NE              [ shift and go to state 96 ]
  ! GT              [ shift and go to state 97 ]
  ! GE              [ shift and go to state 98 ]
  ! LT              [ shift and go to state 99 ]
  ! LE              [ shift and go to state 100 ]
  ! AND             [ shift and go to state 101 ]
  ! OR              [ shift and go to state 102 ]


state 126

    (56) expr -> expr NE expr .
    (50) expr -> expr . PLUS expr
    (51) expr -> expr . MINUS expr
    (52) expr -> expr . STAR expr
    (53) expr -> expr . DIVIDE expr
    (54) expr -> expr . POW expr
    (55) expr -> expr . EQ expr
    (56) expr -> expr . NE expr
    (57) expr -> expr . GT expr
    (58) expr -> expr . GE expr
    (59) expr -> expr . LT expr
    (60) expr -> expr . LE expr
    (61) expr -> expr . AND expr
    (62) expr -> expr . OR expr

    EQ              reduce using rule 56 (expr -> expr NE expr .)
    NE              reduce using rule 56 (expr -> expr NE expr .)
    GT              reduce using rule 56 (expr -> expr NE expr .)
    GE              reduce using rule 56 (expr -> expr NE expr .)
    LT              reduce using rule 56 (expr -> expr NE expr .)
    LE              reduce using rule 56 (expr -> expr NE expr .)
    AND             reduce using rule 56 (expr -> expr NE expr .)
    OR              reduce using rule 56 (expr -> expr NE expr .)
    INT_CONST       reduce using rule 56 (expr -> expr NE expr .)
    ID              reduce using rule 56 (expr -> expr NE expr .)
    PRINT           reduce using rule 56 (expr -> expr NE expr .)
    READ            reduce using rule 56 (expr -> expr NE expr .)
    IF              reduce using rule 56 (expr -> expr NE expr .)
    DO              reduce using rule 56 (expr -> expr NE expr .)
    CONTINUE        reduce using rule 56 (expr -> expr NE expr .)
    GOTO            reduce using rule 56 (expr -> expr NE expr .)
    CALL            reduce using rule 56 (expr -> expr NE expr .)
    RETURN          reduce using rule 56 (expr -> expr NE expr .)
    INTEGER         reduce using rule 56 (expr -> expr NE expr .)
    REAL            reduce using rule 56 (expr -> expr NE expr .)
    LOGICAL         reduce using rule 56 (expr -> expr NE expr .)
    CHARACTER       reduce using rule 56 (expr -> expr NE expr .)
    END             reduce using rule 56 (expr -> expr NE expr .)
    ELSE            reduce using rule 56 (expr -> expr NE expr .)
    ENDIF           reduce using rule 56 (expr -> expr NE expr .)
    RPAREN          reduce using rule 56 (expr -> expr NE expr .)
    COMMA           reduce using rule 56 (expr -> expr NE expr .)
    PLUS            shift and go to state 90
    MINUS           shift and go to state 91
    STAR            shift and go to state 92
    DIVIDE          shift and go to state 93
    POW             shift and go to state 94

  ! PLUS            [ reduce using rule 56 (expr -> expr NE expr .) ]
  ! MINUS           [ reduce using rule 56 (expr -> expr NE expr .) ]
  ! STAR            [ reduce using rule 56 (expr -> expr NE expr .) ]
  ! DIVIDE          [ reduce using rule 56 (expr -> expr NE expr .) ]
  ! POW             [ reduce using rule 56 (expr -> expr NE expr .) ]
  ! EQ              [ shift and go to state 95 ]
  ! NE              [ shift and go to state 96 ]
  ! GT              [ shift and go to state 97 ]
  ! GE              [ shift and go to state 98 ]
  ! LT              [ shift and go to state 99 ]
  ! LE              [ shift and go to state 100 ]
  ! AND             [ shift and go to state 101 ]
  ! OR              [ shift and go to state 102 ]


state 127

    (57) expr -> expr GT expr .
    (50) expr -> expr . PLUS expr
    (51) expr -> expr . MINUS expr
    (52) expr -> expr . STAR expr
    (53) expr -> expr . DIVIDE expr
    (54) expr -> expr . POW expr
    (55) expr -> expr . EQ expr
    (56) expr -> expr . NE expr
    (57) expr -> expr . GT expr
    (58) expr -> expr . GE expr
    (59) expr -> expr . LT expr
    (60) expr -> expr . LE expr
    (61) expr -> expr . AND expr
    (62) expr -> expr . OR expr

    EQ              reduce using rule 57 (expr -> expr GT expr .)
    NE              reduce using rule 57 (expr -> expr GT expr .)
    GT              reduce using rule 57 (expr -> expr GT expr .)
    GE              reduce using rule 57 (expr -> expr GT expr .)
    LT              reduce using rule 57 (expr -> expr GT expr .)
    LE              reduce using rule 57 (expr -> expr GT expr .)
    AND             reduce using rule 57 (expr -> expr GT expr .)
    OR              reduce using rule 57 (expr -> expr GT expr .)
    INT_CONST       reduce using rule 57 (expr -> expr GT expr .)
    ID              reduce using rule 57 (expr -> expr GT expr .)
    PRINT           reduce using rule 57 (expr -> expr GT expr .)
    READ            reduce using rule 57 (expr -> expr GT expr .)
    IF              reduce using rule 57 (expr -> expr GT expr .)
    DO              reduce using rule 57 (expr -> expr GT expr .)
    CONTINUE        reduce using rule 57 (expr -> expr GT expr .)
    GOTO            reduce using rule 57 (expr -> expr GT expr .)
    CALL            reduce using rule 57 (expr -> expr GT expr .)
    RETURN          reduce using rule 57 (expr -> expr GT expr .)
    INTEGER         reduce using rule 57 (expr -> expr GT expr .)
    REAL            reduce using rule 57 (expr -> expr GT expr .)
    LOGICAL         reduce using rule 57 (expr -> expr GT expr .)
    CHARACTER       reduce using rule 57 (expr -> expr GT expr .)
    END             reduce using rule 57 (expr -> expr GT expr .)
    ELSE            reduce using rule 57 (expr -> expr GT expr .)
    ENDIF           reduce using rule 57 (expr -> expr GT expr .)
    RPAREN          reduce using rule 57 (expr -> expr GT expr .)
    COMMA           reduce using rule 57 (expr -> expr GT expr .)
    PLUS            shift and go to state 90
    MINUS           shift and go to state 91
    STAR            shift and go to state 92
    DIVIDE          shift and go to state 93
    POW             shift and go to state 94

  ! PLUS            [ reduce using rule 57 (expr -> expr GT expr .) ]
  ! MINUS           [ reduce using rule 57 (expr -> expr GT expr .) ]
  ! STAR            [ reduce using rule 57 (expr -> expr GT expr .) ]
  ! DIVIDE          [ reduce using rule 57 (expr -> expr GT expr .) ]
  ! POW             [ reduce using rule 57 (expr -> expr GT expr .) ]
  ! EQ              [ shift and go to state 95 ]
  ! NE              [ shift and go to state 96 ]
  ! GT              [ shift and go to state 97 ]
  ! GE              [ shift and go to state 98 ]
  ! LT              [ shift and go to state 99 ]
  ! LE              [ shift and go to state 100 ]
  ! AND             [ shift and go to state 101 ]
  ! OR              [ shift and go to state 102 ]


state 128

    (58) expr -> expr GE expr .
    (50) expr -> expr . PLUS expr
    (51) expr -> expr . MINUS expr
    (52) expr -> expr . STAR expr
    (53) expr -> expr . DIVIDE expr
    (54) expr -> expr . POW expr
    (55) expr -> expr . EQ expr
    (56) expr -> expr . NE expr
    (57) expr -> expr . GT expr
    (58) expr -> expr . GE expr
    (59) expr -> expr . LT expr
    (60) expr -> expr . LE expr
    (61) expr -> expr . AND expr
    (62) expr -> expr . OR expr

    EQ              reduce using rule 58 (expr -> expr GE expr .)
    NE              reduce using rule 58 (expr -> expr GE expr .)
    GT              reduce using rule 58 (expr -> expr GE expr .)
    GE              reduce using rule 58 (expr -> expr GE expr .)
    LT              reduce using rule 58 (expr -> expr GE expr .)
    LE              reduce using rule 58 (expr -> expr GE expr .)
    AND             reduce using rule 58 (expr -> expr GE expr .)
    OR              reduce using rule 58 (expr -> expr GE expr .)
    INT_CONST       reduce using rule 58 (expr -> expr GE expr .)
    ID              reduce using rule 58 (expr -> expr GE expr .)
    PRINT           reduce using rule 58 (expr -> expr GE expr .)
    READ            reduce using rule 58 (expr -> expr GE expr .)
    IF              reduce using rule 58 (expr -> expr GE expr .)
    DO              reduce using rule 58 (expr -> expr GE expr .)
    CONTINUE        reduce using rule 58 (expr -> expr GE expr .)
    GOTO            reduce using rule 58 (expr -> expr GE expr .)
    CALL            reduce using rule 58 (expr -> expr GE expr .)
    RETURN          reduce using rule 58 (expr -> expr GE expr .)
    INTEGER         reduce using rule 58 (expr -> expr GE expr .)
    REAL            reduce using rule 58 (expr -> expr GE expr .)
    LOGICAL         reduce using rule 58 (expr -> expr GE expr .)
    CHARACTER       reduce using rule 58 (expr -> expr GE expr .)
    END             reduce using rule 58 (expr -> expr GE expr .)
    ELSE            reduce using rule 58 (expr -> expr GE expr .)
    ENDIF           reduce using rule 58 (expr -> expr GE expr .)
    RPAREN          reduce using rule 58 (expr -> expr GE expr .)
    COMMA           reduce using rule 58 (expr -> expr GE expr .)
    PLUS            shift and go to state 90
    MINUS           shift and go to state 91
    STAR            shift and go to state 92
    DIVIDE          shift and go to state 93
    POW             shift and go to state 94

  ! PLUS            [ reduce using rule 58 (expr -> expr GE expr .) ]
  ! MINUS           [ reduce using rule 58 (expr -> expr GE expr .) ]
  ! STAR            [ reduce using rule 58 (expr -> expr GE expr .) ]
  ! DIVIDE          [ reduce using rule 58 (expr -> expr GE expr .) ]
  ! POW             [ reduce using rule 58 (expr -> expr GE expr .) ]
  ! EQ              [ shift and go to state 95 ]
  ! NE              [ shift and go to state 96 ]
  ! GT              [ shift and go to state 97 ]
  ! GE              [ shift and go to state 98 ]
  ! LT              [ shift and go to state 99 ]
  ! LE              [ shift and go to state 100 ]
  ! AND             [ shift and go to state 101 ]
  ! OR              [ shift and go to state 102 ]


state 129

    (59) expr -> expr LT expr .
    (50) expr -> expr . PLUS expr
    (51) expr -> expr . MINUS expr
    (52) expr -> expr . STAR expr
    (53) expr -> expr . DIVIDE expr
    (54) expr -> expr . POW expr
    (55) expr -> expr . EQ expr
    (56) expr -> expr . NE expr
    (57) expr -> expr . GT expr
    (58) expr -> expr . GE expr
    (59) expr -> expr . LT expr
    (60) expr -> expr . LE expr
    (61) expr -> expr . AND expr
    (62) expr -> expr . OR expr

    EQ              reduce using rule 59 (expr -> expr LT expr .)
    NE              reduce using rule 59 (expr -> expr LT expr .)
    GT              reduce using rule 59 (expr -> expr LT expr .)
    GE              reduce using rule 59 (expr -> expr LT expr .)
    LT              reduce using rule 59 (expr -> expr LT expr .)
    LE              reduce using rule 59 (expr -> expr LT expr .)
    AND             reduce using rule 59 (expr -> expr LT expr .)
    OR              reduce using rule 59 (expr -> expr LT expr .)
    INT_CONST       reduce using rule 59 (expr -> expr LT expr .)
    ID              reduce using rule 59 (expr -> expr LT expr .)
    PRINT           reduce using rule 59 (expr -> expr LT expr .)
    READ            reduce using rule 59 (expr -> expr LT expr .)
    IF              reduce using rule 59 (expr -> expr LT expr .)
    DO              reduce using rule 59 (expr -> expr LT expr .)
    CONTINUE        reduce using rule 59 (expr -> expr LT expr .)
    GOTO            reduce using rule 59 (expr -> expr LT expr .)
    CALL            reduce using rule 59 (expr -> expr LT expr .)
    RETURN          reduce using rule 59 (expr -> expr LT expr .)
    INTEGER         reduce using rule 59 (expr -> expr LT expr .)
    REAL            reduce using rule 59 (expr -> expr LT expr .)
    LOGICAL         reduce using rule 59 (expr -> expr LT expr .)
    CHARACTER       reduce using rule 59 (expr -> expr LT expr .)
    END             reduce using rule 59 (expr -> expr LT expr .)
    ELSE            reduce using rule 59 (expr -> expr LT expr .)
    ENDIF           reduce using rule 59 (expr -> expr LT expr .)
    RPAREN          reduce using rule 59 (expr -> expr LT expr .)
    COMMA           reduce using rule 59 (expr -> expr LT expr .)
    PLUS            shift and go to state 90
    MINUS           shift and go to state 91
    STAR            shift and go to state 92
    DIVIDE          shift and go to state 93
    POW             shift and go to state 94

  ! PLUS            [ reduce using rule 59 (expr -> expr LT expr .) ]
  ! MINUS           [ reduce using rule 59 (expr -> expr LT expr .) ]
  ! STAR            [ reduce using rule 59 (expr -> expr LT expr .) ]
  ! DIVIDE          [ reduce using rule 59 (expr -> expr LT expr .) ]
  ! POW             [ reduce using rule 59 (expr -> expr LT expr .) ]
  ! EQ              [ shift and go to state 95 ]
  ! NE              [ shift and go to state 96 ]
  ! GT              [ shift and go to state 97 ]
  ! GE              [ shift and go to state 98 ]
  ! LT              [ shift and go to state 99 ]
  ! LE              [ shift and go to state 100 ]
  ! AND             [ shift and go to state 101 ]
  ! OR              [ shift and go to state 102 ]


state 130

    (60) expr -> expr LE expr .
    (50) expr -> expr . PLUS expr
    (51) expr -> expr . MINUS expr
    (52) expr -> expr . STAR expr
    (53) expr -> expr . DIVIDE expr
    (54) expr -> expr . POW expr
    (55) expr -> expr . EQ expr
    (56) expr -> expr . NE expr
    (57) expr -> expr . GT expr
    (58) expr -> expr . GE expr
    (59) expr -> expr . LT expr
    (60) expr -> expr . LE expr
    (61) expr -> expr . AND expr
    (62) expr -> expr . OR expr

    EQ              reduce using rule 60 (expr -> expr LE expr .)
    NE              reduce using rule 60 (expr -> expr LE expr .)
    GT              reduce using rule 60 (expr -> expr LE expr .)
    GE              reduce using rule 60 (expr -> expr LE expr .)
    LT              reduce using rule 60 (expr -> expr LE expr .)
    LE              reduce using rule 60 (expr -> expr LE expr .)
    AND             reduce using rule 60 (expr -> expr LE expr .)
    OR              reduce using rule 60 (expr -> expr LE expr .)
    INT_CONST       reduce using rule 60 (expr -> expr LE expr .)
    ID              reduce using rule 60 (expr -> expr LE expr .)
    PRINT           reduce using rule 60 (expr -> expr LE expr .)
    READ            reduce using rule 60 (expr -> expr LE expr .)
    IF              reduce using rule 60 (expr -> expr LE expr .)
    DO              reduce using rule 60 (expr -> expr LE expr .)
    CONTINUE        reduce using rule 60 (expr -> expr LE expr .)
    GOTO            reduce using rule 60 (expr -> expr LE expr .)
    CALL            reduce using rule 60 (expr -> expr LE expr .)
    RETURN          reduce using rule 60 (expr -> expr LE expr .)
    INTEGER         reduce using rule 60 (expr -> expr LE expr .)
    REAL            reduce using rule 60 (expr -> expr LE expr .)
    LOGICAL         reduce using rule 60 (expr -> expr LE expr .)
    CHARACTER       reduce using rule 60 (expr -> expr LE expr .)
    END             reduce using rule 60 (expr -> expr LE expr .)
    ELSE            reduce using rule 60 (expr -> expr LE expr .)
    ENDIF           reduce using rule 60 (expr -> expr LE expr .)
    RPAREN          reduce using rule 60 (expr -> expr LE expr .)
    COMMA           reduce using rule 60 (expr -> expr LE expr .)
    PLUS            shift and go to state 90
    MINUS           shift and go to state 91
    STAR            shift and go to state 92
    DIVIDE          shift and go to state 93
    POW             shift and go to state 94

  ! PLUS            [ reduce using rule 60 (expr -> expr LE expr .) ]
  ! MINUS           [ reduce using rule 60 (expr -> expr LE expr .) ]
  ! STAR            [ reduce using rule 60 (expr -> expr LE expr .) ]
  ! DIVIDE          [ reduce using rule 60 (expr -> expr LE expr .) ]
  ! POW             [ reduce using rule 60 (expr -> expr LE expr .) ]
  ! EQ              [ shift and go to state 95 ]
  ! NE              [ shift and go to state 96 ]
  ! GT              [ shift and go to state 97 ]
  ! GE              [ shift and go to state 98 ]
  ! LT              [ shift and go to state 99 ]
  ! LE              [ shift and go to state 100 ]
  ! AND             [ shift and go to state 101 ]
  ! OR              [ shift and go to state 102 ]


state 131

    (61) expr -> expr AND expr .
    (50) expr -> expr . PLUS expr
    (51) expr -> expr . MINUS expr
    (52) expr -> expr . STAR expr
    (53) expr -> expr . DIVIDE expr
    (54) expr -> expr . POW expr
    (55) expr -> expr . EQ expr
    (56) expr -> expr . NE expr
    (57) expr -> expr . GT expr
    (58) expr -> expr . GE expr
    (59) expr -> expr . LT expr
    (60) expr -> expr . LE expr
    (61) expr -> expr . AND expr
    (62) expr -> expr . OR expr

    AND             reduce using rule 61 (expr -> expr AND expr .)
    OR              reduce using rule 61 (expr -> expr AND expr .)
    INT_CONST       reduce using rule 61 (expr -> expr AND expr .)
    ID              reduce using rule 61 (expr -> expr AND expr .)
    PRINT           reduce using rule 61 (expr -> expr AND expr .)
    READ            reduce using rule 61 (expr -> expr AND expr .)
    IF              reduce using rule 61 (expr -> expr AND expr .)
    DO              reduce using rule 61 (expr -> expr AND expr .)
    CONTINUE        reduce using rule 61 (expr -> expr AND expr .)
    GOTO            reduce using rule 61 (expr -> expr AND expr .)
    CALL            reduce using rule 61 (expr -> expr AND expr .)
    RETURN          reduce using rule 61 (expr -> expr AND expr .)
    INTEGER         reduce using rule 61 (expr -> expr AND expr .)
    REAL            reduce using rule 61 (expr -> expr AND expr .)
    LOGICAL         reduce using rule 61 (expr -> expr AND expr .)
    CHARACTER       reduce using rule 61 (expr -> expr AND expr .)
    END             reduce using rule 61 (expr -> expr AND expr .)
    ELSE            reduce using rule 61 (expr -> expr AND expr .)
    ENDIF           reduce using rule 61 (expr -> expr AND expr .)
    RPAREN          reduce using rule 61 (expr -> expr AND expr .)
    COMMA           reduce using rule 61 (expr -> expr AND expr .)
    PLUS            shift and go to state 90
    MINUS           shift and go to state 91
    STAR            shift and go to state 92
    DIVIDE          shift and go to state 93
    POW             shift and go to state 94
    EQ              shift and go to state 95
    NE              shift and go to state 96
    GT              shift and go to state 97
    GE              shift and go to state 98
    LT              shift and go to state 99
    LE              shift and go to state 100

  ! PLUS            [ reduce using rule 61 (expr -> expr AND expr .) ]
  ! MINUS           [ reduce using rule 61 (expr -> expr AND expr .) ]
  ! STAR            [ reduce using rule 61 (expr -> expr AND expr .) ]
  ! DIVIDE          [ reduce using rule 61 (expr -> expr AND expr .) ]
  ! POW             [ reduce using rule 61 (expr -> expr AND expr .) ]
  ! EQ              [ reduce using rule 61 (expr -> expr AND expr .) ]
  ! NE              [ reduce using rule 61 (expr -> expr AND expr .) ]
  ! GT              [ reduce using rule 61 (expr -> expr AND expr .) ]
  ! GE              [ reduce using rule 61 (expr -> expr AND expr .) ]
  ! LT              [ reduce using rule 61 (expr -> expr AND expr .) ]
  ! LE              [ reduce using rule 61 (expr -> expr AND expr .) ]
  ! AND             [ shift and go to state 101 ]
  ! OR              [ shift and go to state 102 ]


state 132

    (62) expr -> expr OR expr .
    (50) expr -> expr . PLUS expr
    (51) expr -> expr . MINUS expr
    (52) expr -> expr . STAR expr
    (53) expr -> expr . DIVIDE expr
    (54) expr -> expr . POW expr
    (55) expr -> expr . EQ expr
    (56) expr -> expr . NE expr
    (57) expr -> expr . GT expr
    (58) expr -> expr . GE expr
    (59) expr -> expr . LT expr
    (60) expr -> expr . LE expr
    (61) expr -> expr . AND expr
    (62) expr -> expr . OR expr

    OR              reduce using rule 62 (expr -> expr OR expr .)
    INT_CONST       reduce using rule 62 (expr -> expr OR expr .)
    ID              reduce using rule 62 (expr -> expr OR expr .)
    PRINT           reduce using rule 62 (expr -> expr OR expr .)
    READ            reduce using rule 62 (expr -> expr OR expr .)
    IF              reduce using rule 62 (expr -> expr OR expr .)
    DO              reduce using rule 62 (expr -> expr OR expr .)
    CONTINUE        reduce using rule 62 (expr -> expr OR expr .)
    GOTO            reduce using rule 62 (expr -> expr OR expr .)
    CALL            reduce using rule 62 (expr -> expr OR expr .)
    RETURN          reduce using rule 62 (expr -> expr OR expr .)
    INTEGER         reduce using rule 62 (expr -> expr OR expr .)
    REAL            reduce using rule 62 (expr -> expr OR expr .)
    LOGICAL         reduce using rule 62 (expr -> expr OR expr .)
    CHARACTER       reduce using rule 62 (expr -> expr OR expr .)
    END             reduce using rule 62 (expr -> expr OR expr .)
    ELSE            reduce using rule 62 (expr -> expr OR expr .)
    ENDIF           reduce using rule 62 (expr -> expr OR expr .)
    RPAREN          reduce using rule 62 (expr -> expr OR expr .)
    COMMA           reduce using rule 62 (expr -> expr OR expr .)
    PLUS            shift and go to state 90
    MINUS           shift and go to state 91
    STAR            shift and go to state 92
    DIVIDE          shift and go to state 93
    POW             shift and go to state 94
    EQ              shift and go to state 95
    NE              shift and go to state 96
    GT              shift and go to state 97
    GE              shift and go to state 98
    LT              shift and go to state 99
    LE              shift and go to state 100
    AND             shift and go to state 101

  ! PLUS            [ reduce using rule 62 (expr -> expr OR expr .) ]
  ! MINUS           [ reduce using rule 62 (expr -> expr OR expr .) ]
  ! STAR            [ reduce using rule 62 (expr -> expr OR expr .) ]
  ! DIVIDE          [ reduce using rule 62 (expr -> expr OR expr .) ]
  ! POW             [ reduce using rule 62 (expr -> expr OR expr .) ]
  ! EQ              [ reduce using rule 62 (expr -> expr OR expr .) ]
  ! NE              [ reduce using rule 62 (expr -> expr OR expr .) ]
  ! GT              [ reduce using rule 62 (expr -> expr OR expr .) ]
  ! GE              [ reduce using rule 62 (expr -> expr OR expr .) ]
  ! LT              [ reduce using rule 62 (expr -> expr OR expr .) ]
  ! LE              [ reduce using rule 62 (expr -> expr OR expr .) ]
  ! AND             [ reduce using rule 62 (expr -> expr OR expr .) ]
  ! OR              [ shift and go to state 102 ]


state 133

    (65) expr -> LPAREN expr RPAREN .

    PLUS            reduce using rule 65 (expr -> LPAREN expr RPAREN .)
    MINUS           reduce using rule 65 (expr -> LPAREN expr RPAREN .)
    STAR            reduce using rule 65 (expr -> LPAREN expr RPAREN .)
    DIVIDE          reduce using rule 65 (expr -> LPAREN expr RPAREN .)
    POW             reduce using rule 65 (expr -> LPAREN expr RPAREN .)
    EQ              reduce using rule 65 (expr -> LPAREN expr RPAREN .)
    NE              reduce using rule 65 (expr -> LPAREN expr RPAREN .)
    GT              reduce using rule 65 (expr -> LPAREN expr RPAREN .)
    GE              reduce using rule 65 (expr -> LPAREN expr RPAREN .)
    LT              reduce using rule 65 (expr -> LPAREN expr RPAREN .)
    LE              reduce using rule 65 (expr -> LPAREN expr RPAREN .)
    AND             reduce using rule 65 (expr -> LPAREN expr RPAREN .)
    OR              reduce using rule 65 (expr -> LPAREN expr RPAREN .)
    INT_CONST       reduce using rule 65 (expr -> LPAREN expr RPAREN .)
    ID              reduce using rule 65 (expr -> LPAREN expr RPAREN .)
    PRINT           reduce using rule 65 (expr -> LPAREN expr RPAREN .)
    READ            reduce using rule 65 (expr -> LPAREN expr RPAREN .)
    IF              reduce using rule 65 (expr -> LPAREN expr RPAREN .)
    DO              reduce using rule 65 (expr -> LPAREN expr RPAREN .)
    CONTINUE        reduce using rule 65 (expr -> LPAREN expr RPAREN .)
    GOTO            reduce using rule 65 (expr -> LPAREN expr RPAREN .)
    CALL            reduce using rule 65 (expr -> LPAREN expr RPAREN .)
    RETURN          reduce using rule 65 (expr -> LPAREN expr RPAREN .)
    INTEGER         reduce using rule 65 (expr -> LPAREN expr RPAREN .)
    REAL            reduce using rule 65 (expr -> LPAREN expr RPAREN .)
    LOGICAL         reduce using rule 65 (expr -> LPAREN expr RPAREN .)
    CHARACTER       reduce using rule 65 (expr -> LPAREN expr RPAREN .)
    END             reduce using rule 65 (expr -> LPAREN expr RPAREN .)
    ELSE            reduce using rule 65 (expr -> LPAREN expr RPAREN .)
    ENDIF           reduce using rule 65 (expr -> LPAREN expr RPAREN .)
    RPAREN          reduce using rule 65 (expr -> LPAREN expr RPAREN .)
    COMMA           reduce using rule 65 (expr -> LPAREN expr RPAREN .)


state 134

    (67) expr -> MOD LPAREN arg_list . RPAREN

    RPAREN          shift and go to state 144


state 135

    (37) assignment -> ID LPAREN expr RPAREN ASSIGN . expr
    (50) expr -> . expr PLUS expr
    (51) expr -> . expr MINUS expr
    (52) expr -> . expr STAR expr
    (53) expr -> . expr DIVIDE expr
    (54) expr -> . expr POW expr
    (55) expr -> . expr EQ expr
    (56) expr -> . expr NE expr
    (57) expr -> . expr GT expr
    (58) expr -> . expr GE expr
    (59) expr -> . expr LT expr
    (60) expr -> . expr LE expr
    (61) expr -> . expr AND expr
    (62) expr -> . expr OR expr
    (63) expr -> . MINUS expr
    (64) expr -> . NOT expr
    (65) expr -> . LPAREN expr RPAREN
    (66) expr -> . ID LPAREN arg_list RPAREN
    (67) expr -> . MOD LPAREN arg_list RPAREN
    (68) expr -> . ID
    (69) expr -> . INT_CONST
    (70) expr -> . REAL_CONST
    (71) expr -> . STRING_CONST
    (72) expr -> . TRUE
    (73) expr -> . FALSE

    MINUS           shift and go to state 69
    NOT             shift and go to state 70
    LPAREN          shift and go to state 71
    ID              shift and go to state 67
    MOD             shift and go to state 72
    INT_CONST       shift and go to state 73
    REAL_CONST      shift and go to state 74
    STRING_CONST    shift and go to state 75
    TRUE            shift and go to state 76
    FALSE           shift and go to state 77

    expr                           shift and go to state 145

state 136

    (39) print_list -> expr COMMA . print_list
    (39) print_list -> . expr COMMA print_list
    (40) print_list -> . expr
    (50) expr -> . expr PLUS expr
    (51) expr -> . expr MINUS expr
    (52) expr -> . expr STAR expr
    (53) expr -> . expr DIVIDE expr
    (54) expr -> . expr POW expr
    (55) expr -> . expr EQ expr
    (56) expr -> . expr NE expr
    (57) expr -> . expr GT expr
    (58) expr -> . expr GE expr
    (59) expr -> . expr LT expr
    (60) expr -> . expr LE expr
    (61) expr -> . expr AND expr
    (62) expr -> . expr OR expr
    (63) expr -> . MINUS expr
    (64) expr -> . NOT expr
    (65) expr -> . LPAREN expr RPAREN
    (66) expr -> . ID LPAREN arg_list RPAREN
    (67) expr -> . MOD LPAREN arg_list RPAREN
    (68) expr -> . ID
    (69) expr -> . INT_CONST
    (70) expr -> . REAL_CONST
    (71) expr -> . STRING_CONST
    (72) expr -> . TRUE
    (73) expr -> . FALSE

    MINUS           shift and go to state 69
    NOT             shift and go to state 70
    LPAREN          shift and go to state 71
    ID              shift and go to state 67
    MOD             shift and go to state 72
    INT_CONST       shift and go to state 73
    REAL_CONST      shift and go to state 74
    STRING_CONST    shift and go to state 75
    TRUE            shift and go to state 76
    FALSE           shift and go to state 77

    expr                           shift and go to state 109
    print_list                     shift and go to state 146

state 137

    (42) read_stmt -> READ STAR COMMA ID LPAREN . expr RPAREN
    (50) expr -> . expr PLUS expr
    (51) expr -> . expr MINUS expr
    (52) expr -> . expr STAR expr
    (53) expr -> . expr DIVIDE expr
    (54) expr -> . expr POW expr
    (55) expr -> . expr EQ expr
    (56) expr -> . expr NE expr
    (57) expr -> . expr GT expr
    (58) expr -> . expr GE expr
    (59) expr -> . expr LT expr
    (60) expr -> . expr LE expr
    (61) expr -> . expr AND expr
    (62) expr -> . expr OR expr
    (63) expr -> . MINUS expr
    (64) expr -> . NOT expr
    (65) expr -> . LPAREN expr RPAREN
    (66) expr -> . ID LPAREN arg_list RPAREN
    (67) expr -> . MOD LPAREN arg_list RPAREN
    (68) expr -> . ID
    (69) expr -> . INT_CONST
    (70) expr -> . REAL_CONST
    (71) expr -> . STRING_CONST
    (72) expr -> . TRUE
    (73) expr -> . FALSE

    MINUS           shift and go to state 69
    NOT             shift and go to state 70
    LPAREN          shift and go to state 71
    ID              shift and go to state 67
    MOD             shift and go to state 72
    INT_CONST       shift and go to state 73
    REAL_CONST      shift and go to state 74
    STRING_CONST    shift and go to state 75
    TRUE            shift and go to state 76
    FALSE           shift and go to state 77

    expr                           shift and go to state 147

state 138

    (43) if_stmt -> IF LPAREN expr RPAREN THEN . statement_list ELSE statement_list ENDIF
    (44) if_stmt -> IF LPAREN expr RPAREN THEN . statement_list ENDIF
    (13) statement_list -> . statement statement_list
    (14) statement_list -> . empty
    (15) statement -> . label_opt declaration
    (16) statement -> . label_opt assignment
    (17) statement -> . label_opt print_stmt
    (18) statement -> . label_opt read_stmt
    (19) statement -> . label_opt if_stmt
    (20) statement -> . label_opt do_stmt
    (21) statement -> . label_opt continue_stmt
    (22) statement -> . label_opt goto_stmt
    (23) statement -> . label_opt call_stmt
    (24) statement -> . label_opt return_stmt
    (77) empty -> .
    (25) label_opt -> . INT_CONST
    (26) label_opt -> . empty

    ELSE            reduce using rule 77 (empty -> .)
    ENDIF           reduce using rule 77 (empty -> .)
    ID              reduce using rule 77 (empty -> .)
    PRINT           reduce using rule 77 (empty -> .)
    READ            reduce using rule 77 (empty -> .)
    IF              reduce using rule 77 (empty -> .)
    DO              reduce using rule 77 (empty -> .)
    CONTINUE        reduce using rule 77 (empty -> .)
    GOTO            reduce using rule 77 (empty -> .)
    CALL            reduce using rule 77 (empty -> .)
    RETURN          reduce using rule 77 (empty -> .)
    INTEGER         reduce using rule 77 (empty -> .)
    REAL            reduce using rule 77 (empty -> .)
    LOGICAL         reduce using rule 77 (empty -> .)
    CHARACTER       reduce using rule 77 (empty -> .)
    INT_CONST       shift and go to state 22

    statement_list                 shift and go to state 148
    statement                      shift and go to state 19
    empty                          shift and go to state 20
    label_opt                      shift and go to state 21

state 139

    (45) do_stmt -> DO INT_CONST ID ASSIGN expr . COMMA expr
    (50) expr -> expr . PLUS expr
    (51) expr -> expr . MINUS expr
    (52) expr -> expr . STAR expr
    (53) expr -> expr . DIVIDE expr
    (54) expr -> expr . POW expr
    (55) expr -> expr . EQ expr
    (56) expr -> expr . NE expr
    (57) expr -> expr . GT expr
    (58) expr -> expr . GE expr
    (59) expr -> expr . LT expr
    (60) expr -> expr . LE expr
    (61) expr -> expr . AND expr
    (62) expr -> expr . OR expr

    COMMA           shift and go to state 149
    PLUS            shift and go to state 90
    MINUS           shift and go to state 91
    STAR            shift and go to state 92
    DIVIDE          shift and go to state 93
    POW             shift and go to state 94
    EQ              shift and go to state 95
    NE              shift and go to state 96
    GT              shift and go to state 97
    GE              shift and go to state 98
    LT              shift and go to state 99
    LE              shift and go to state 100
    AND             shift and go to state 101
    OR              shift and go to state 102


state 140

    (48) call_stmt -> CALL ID LPAREN arg_list RPAREN .

    INT_CONST       reduce using rule 48 (call_stmt -> CALL ID LPAREN arg_list RPAREN .)
    ID              reduce using rule 48 (call_stmt -> CALL ID LPAREN arg_list RPAREN .)
    PRINT           reduce using rule 48 (call_stmt -> CALL ID LPAREN arg_list RPAREN .)
    READ            reduce using rule 48 (call_stmt -> CALL ID LPAREN arg_list RPAREN .)
    IF              reduce using rule 48 (call_stmt -> CALL ID LPAREN arg_list RPAREN .)
    DO              reduce using rule 48 (call_stmt -> CALL ID LPAREN arg_list RPAREN .)
    CONTINUE        reduce using rule 48 (call_stmt -> CALL ID LPAREN arg_list RPAREN .)
    GOTO            reduce using rule 48 (call_stmt -> CALL ID LPAREN arg_list RPAREN .)
    CALL            reduce using rule 48 (call_stmt -> CALL ID LPAREN arg_list RPAREN .)
    RETURN          reduce using rule 48 (call_stmt -> CALL ID LPAREN arg_list RPAREN .)
    INTEGER         reduce using rule 48 (call_stmt -> CALL ID LPAREN arg_list RPAREN .)
    REAL            reduce using rule 48 (call_stmt -> CALL ID LPAREN arg_list RPAREN .)
    LOGICAL         reduce using rule 48 (call_stmt -> CALL ID LPAREN arg_list RPAREN .)
    CHARACTER       reduce using rule 48 (call_stmt -> CALL ID LPAREN arg_list RPAREN .)
    END             reduce using rule 48 (call_stmt -> CALL ID LPAREN arg_list RPAREN .)
    ELSE            reduce using rule 48 (call_stmt -> CALL ID LPAREN arg_list RPAREN .)
    ENDIF           reduce using rule 48 (call_stmt -> CALL ID LPAREN arg_list RPAREN .)


state 141

    (74) arg_list -> expr COMMA . arg_list
    (74) arg_list -> . expr COMMA arg_list
    (75) arg_list -> . expr
    (76) arg_list -> . empty
    (50) expr -> . expr PLUS expr
    (51) expr -> . expr MINUS expr
    (52) expr -> . expr STAR expr
    (53) expr -> . expr DIVIDE expr
    (54) expr -> . expr POW expr
    (55) expr -> . expr EQ expr
    (56) expr -> . expr NE expr
    (57) expr -> . expr GT expr
    (58) expr -> . expr GE expr
    (59) expr -> . expr LT expr
    (60) expr -> . expr LE expr
    (61) expr -> . expr AND expr
    (62) expr -> . expr OR expr
    (63) expr -> . MINUS expr
    (64) expr -> . NOT expr
    (65) expr -> . LPAREN expr RPAREN
    (66) expr -> . ID LPAREN arg_list RPAREN
    (67) expr -> . MOD LPAREN arg_list RPAREN
    (68) expr -> . ID
    (69) expr -> . INT_CONST
    (70) expr -> . REAL_CONST
    (71) expr -> . STRING_CONST
    (72) expr -> . TRUE
    (73) expr -> . FALSE
    (77) empty -> .

    MINUS           shift and go to state 69
    NOT             shift and go to state 70
    LPAREN          shift and go to state 71
    ID              shift and go to state 67
    MOD             shift and go to state 72
    INT_CONST       shift and go to state 73
    REAL_CONST      shift and go to state 74
    STRING_CONST    shift and go to state 75
    TRUE            shift and go to state 76
    FALSE           shift and go to state 77
    RPAREN          reduce using rule 77 (empty -> .)

    expr                           shift and go to state 114
    arg_list                       shift and go to state 150
    empty                          shift and go to state 115

state 142

    (9) function_definition -> type FUNCTION ID LPAREN param_list RPAREN statement_list END .

    PROGRAM         reduce using rule 9 (function_definition -> type FUNCTION ID LPAREN param_list RPAREN statement_list END .)
    SUBROUTINE      reduce using rule 9 (function_definition -> type FUNCTION ID LPAREN param_list RPAREN statement_list END .)
    INTEGER         reduce using rule 9 (function_definition -> type FUNCTION ID LPAREN param_list RPAREN statement_list END .)
    REAL            reduce using rule 9 (function_definition -> type FUNCTION ID LPAREN param_list RPAREN statement_list END .)
    LOGICAL         reduce using rule 9 (function_definition -> type FUNCTION ID LPAREN param_list RPAREN statement_list END .)
    CHARACTER       reduce using rule 9 (function_definition -> type FUNCTION ID LPAREN param_list RPAREN statement_list END .)
    $end            reduce using rule 9 (function_definition -> type FUNCTION ID LPAREN param_list RPAREN statement_list END .)


state 143

    (66) expr -> ID LPAREN arg_list RPAREN .

    PLUS            reduce using rule 66 (expr -> ID LPAREN arg_list RPAREN .)
    MINUS           reduce using rule 66 (expr -> ID LPAREN arg_list RPAREN .)
    STAR            reduce using rule 66 (expr -> ID LPAREN arg_list RPAREN .)
    DIVIDE          reduce using rule 66 (expr -> ID LPAREN arg_list RPAREN .)
    POW             reduce using rule 66 (expr -> ID LPAREN arg_list RPAREN .)
    EQ              reduce using rule 66 (expr -> ID LPAREN arg_list RPAREN .)
    NE              reduce using rule 66 (expr -> ID LPAREN arg_list RPAREN .)
    GT              reduce using rule 66 (expr -> ID LPAREN arg_list RPAREN .)
    GE              reduce using rule 66 (expr -> ID LPAREN arg_list RPAREN .)
    LT              reduce using rule 66 (expr -> ID LPAREN arg_list RPAREN .)
    LE              reduce using rule 66 (expr -> ID LPAREN arg_list RPAREN .)
    AND             reduce using rule 66 (expr -> ID LPAREN arg_list RPAREN .)
    OR              reduce using rule 66 (expr -> ID LPAREN arg_list RPAREN .)
    INT_CONST       reduce using rule 66 (expr -> ID LPAREN arg_list RPAREN .)
    ID              reduce using rule 66 (expr -> ID LPAREN arg_list RPAREN .)
    PRINT           reduce using rule 66 (expr -> ID LPAREN arg_list RPAREN .)
    READ            reduce using rule 66 (expr -> ID LPAREN arg_list RPAREN .)
    IF              reduce using rule 66 (expr -> ID LPAREN arg_list RPAREN .)
    DO              reduce using rule 66 (expr -> ID LPAREN arg_list RPAREN .)
    CONTINUE        reduce using rule 66 (expr -> ID LPAREN arg_list RPAREN .)
    GOTO            reduce using rule 66 (expr -> ID LPAREN arg_list RPAREN .)
    CALL            reduce using rule 66 (expr -> ID LPAREN arg_list RPAREN .)
    RETURN          reduce using rule 66 (expr -> ID LPAREN arg_list RPAREN .)
    INTEGER         reduce using rule 66 (expr -> ID LPAREN arg_list RPAREN .)
    REAL            reduce using rule 66 (expr -> ID LPAREN arg_list RPAREN .)
    LOGICAL         reduce using rule 66 (expr -> ID LPAREN arg_list RPAREN .)
    CHARACTER       reduce using rule 66 (expr -> ID LPAREN arg_list RPAREN .)
    END             reduce using rule 66 (expr -> ID LPAREN arg_list RPAREN .)
    ELSE            reduce using rule 66 (expr -> ID LPAREN arg_list RPAREN .)
    ENDIF           reduce using rule 66 (expr -> ID LPAREN arg_list RPAREN .)
    RPAREN          reduce using rule 66 (expr -> ID LPAREN arg_list RPAREN .)
    COMMA           reduce using rule 66 (expr -> ID LPAREN arg_list RPAREN .)


state 144

    (67) expr -> MOD LPAREN arg_list RPAREN .

    PLUS            reduce using rule 67 (expr -> MOD LPAREN arg_list RPAREN .)
    MINUS           reduce using rule 67 (expr -> MOD LPAREN arg_list RPAREN .)
    STAR            reduce using rule 67 (expr -> MOD LPAREN arg_list RPAREN .)
    DIVIDE          reduce using rule 67 (expr -> MOD LPAREN arg_list RPAREN .)
    POW             reduce using rule 67 (expr -> MOD LPAREN arg_list RPAREN .)
    EQ              reduce using rule 67 (expr -> MOD LPAREN arg_list RPAREN .)
    NE              reduce using rule 67 (expr -> MOD LPAREN arg_list RPAREN .)
    GT              reduce using rule 67 (expr -> MOD LPAREN arg_list RPAREN .)
    GE              reduce using rule 67 (expr -> MOD LPAREN arg_list RPAREN .)
    LT              reduce using rule 67 (expr -> MOD LPAREN arg_list RPAREN .)
    LE              reduce using rule 67 (expr -> MOD LPAREN arg_list RPAREN .)
    AND             reduce using rule 67 (expr -> MOD LPAREN arg_list RPAREN .)
    OR              reduce using rule 67 (expr -> MOD LPAREN arg_list RPAREN .)
    INT_CONST       reduce using rule 67 (expr -> MOD LPAREN arg_list RPAREN .)
    ID              reduce using rule 67 (expr -> MOD LPAREN arg_list RPAREN .)
    PRINT           reduce using rule 67 (expr -> MOD LPAREN arg_list RPAREN .)
    READ            reduce using rule 67 (expr -> MOD LPAREN arg_list RPAREN .)
    IF              reduce using rule 67 (expr -> MOD LPAREN arg_list RPAREN .)
    DO              reduce using rule 67 (expr -> MOD LPAREN arg_list RPAREN .)
    CONTINUE        reduce using rule 67 (expr -> MOD LPAREN arg_list RPAREN .)
    GOTO            reduce using rule 67 (expr -> MOD LPAREN arg_list RPAREN .)
    CALL            reduce using rule 67 (expr -> MOD LPAREN arg_list RPAREN .)
    RETURN          reduce using rule 67 (expr -> MOD LPAREN arg_list RPAREN .)
    INTEGER         reduce using rule 67 (expr -> MOD LPAREN arg_list RPAREN .)
    REAL            reduce using rule 67 (expr -> MOD LPAREN arg_list RPAREN .)
    LOGICAL         reduce using rule 67 (expr -> MOD LPAREN arg_list RPAREN .)
    CHARACTER       reduce using rule 67 (expr -> MOD LPAREN arg_list RPAREN .)
    END             reduce using rule 67 (expr -> MOD LPAREN arg_list RPAREN .)
    ELSE            reduce using rule 67 (expr -> MOD LPAREN arg_list RPAREN .)
    ENDIF           reduce using rule 67 (expr -> MOD LPAREN arg_list RPAREN .)
    RPAREN          reduce using rule 67 (expr -> MOD LPAREN arg_list RPAREN .)
    COMMA           reduce using rule 67 (expr -> MOD LPAREN arg_list RPAREN .)


state 145

    (37) assignment -> ID LPAREN expr RPAREN ASSIGN expr .
    (50) expr -> expr . PLUS expr
    (51) expr -> expr . MINUS expr
    (52) expr -> expr . STAR expr
    (53) expr -> expr . DIVIDE expr
    (54) expr -> expr . POW expr
    (55) expr -> expr . EQ expr
    (56) expr -> expr . NE expr
    (57) expr -> expr . GT expr
    (58) expr -> expr . GE expr
    (59) expr -> expr . LT expr
    (60) expr -> expr . LE expr
    (61) expr -> expr . AND expr
    (62) expr -> expr . OR expr

    INT_CONST       reduce using rule 37 (assignment -> ID LPAREN expr RPAREN ASSIGN expr .)
    ID              reduce using rule 37 (assignment -> ID LPAREN expr RPAREN ASSIGN expr .)
    PRINT           reduce using rule 37 (assignment -> ID LPAREN expr RPAREN ASSIGN expr .)
    READ            reduce using rule 37 (assignment -> ID LPAREN expr RPAREN ASSIGN expr .)
    IF              reduce using rule 37 (assignment -> ID LPAREN expr RPAREN ASSIGN expr .)
    DO              reduce using rule 37 (assignment -> ID LPAREN expr RPAREN ASSIGN expr .)
    CONTINUE        reduce using rule 37 (assignment -> ID LPAREN expr RPAREN ASSIGN expr .)
    GOTO            reduce using rule 37 (assignment -> ID LPAREN expr RPAREN ASSIGN expr .)
    CALL            reduce using rule 37 (assignment -> ID LPAREN expr RPAREN ASSIGN expr .)
    RETURN          reduce using rule 37 (assignment -> ID LPAREN expr RPAREN ASSIGN expr .)
    INTEGER         reduce using rule 37 (assignment -> ID LPAREN expr RPAREN ASSIGN expr .)
    REAL            reduce using rule 37 (assignment -> ID LPAREN expr RPAREN ASSIGN expr .)
    LOGICAL         reduce using rule 37 (assignment -> ID LPAREN expr RPAREN ASSIGN expr .)
    CHARACTER       reduce using rule 37 (assignment -> ID LPAREN expr RPAREN ASSIGN expr .)
    END             reduce using rule 37 (assignment -> ID LPAREN expr RPAREN ASSIGN expr .)
    ELSE            reduce using rule 37 (assignment -> ID LPAREN expr RPAREN ASSIGN expr .)
    ENDIF           reduce using rule 37 (assignment -> ID LPAREN expr RPAREN ASSIGN expr .)
    PLUS            shift and go to state 90
    MINUS           shift and go to state 91
    STAR            shift and go to state 92
    DIVIDE          shift and go to state 93
    POW             shift and go to state 94
    EQ              shift and go to state 95
    NE              shift and go to state 96
    GT              shift and go to state 97
    GE              shift and go to state 98
    LT              shift and go to state 99
    LE              shift and go to state 100
    AND             shift and go to state 101
    OR              shift and go to state 102


state 146

    (39) print_list -> expr COMMA print_list .

    INT_CONST       reduce using rule 39 (print_list -> expr COMMA print_list .)
    ID              reduce using rule 39 (print_list -> expr COMMA print_list .)
    PRINT           reduce using rule 39 (print_list -> expr COMMA print_list .)
    READ            reduce using rule 39 (print_list -> expr COMMA print_list .)
    IF              reduce using rule 39 (print_list -> expr COMMA print_list .)
    DO              reduce using rule 39 (print_list -> expr COMMA print_list .)
    CONTINUE        reduce using rule 39 (print_list -> expr COMMA print_list .)
    GOTO            reduce using rule 39 (print_list -> expr COMMA print_list .)
    CALL            reduce using rule 39 (print_list -> expr COMMA print_list .)
    RETURN          reduce using rule 39 (print_list -> expr COMMA print_list .)
    INTEGER         reduce using rule 39 (print_list -> expr COMMA print_list .)
    REAL            reduce using rule 39 (print_list -> expr COMMA print_list .)
    LOGICAL         reduce using rule 39 (print_list -> expr COMMA print_list .)
    CHARACTER       reduce using rule 39 (print_list -> expr COMMA print_list .)
    END             reduce using rule 39 (print_list -> expr COMMA print_list .)
    ELSE            reduce using rule 39 (print_list -> expr COMMA print_list .)
    ENDIF           reduce using rule 39 (print_list -> expr COMMA print_list .)


state 147

    (42) read_stmt -> READ STAR COMMA ID LPAREN expr . RPAREN
    (50) expr -> expr . PLUS expr
    (51) expr -> expr . MINUS expr
    (52) expr -> expr . STAR expr
    (53) expr -> expr . DIVIDE expr
    (54) expr -> expr . POW expr
    (55) expr -> expr . EQ expr
    (56) expr -> expr . NE expr
    (57) expr -> expr . GT expr
    (58) expr -> expr . GE expr
    (59) expr -> expr . LT expr
    (60) expr -> expr . LE expr
    (61) expr -> expr . AND expr
    (62) expr -> expr . OR expr

    RPAREN          shift and go to state 151
    PLUS            shift and go to state 90
    MINUS           shift and go to state 91
    STAR            shift and go to state 92
    DIVIDE          shift and go to state 93
    POW             shift and go to state 94
    EQ              shift and go to state 95
    NE              shift and go to state 96
    GT              shift and go to state 97
    GE              shift and go to state 98
    LT              shift and go to state 99
    LE              shift and go to state 100
    AND             shift and go to state 101
    OR              shift and go to state 102


state 148

    (43) if_stmt -> IF LPAREN expr RPAREN THEN statement_list . ELSE statement_list ENDIF
    (44) if_stmt -> IF LPAREN expr RPAREN THEN statement_list . ENDIF

    ELSE            shift and go to state 152
    ENDIF           shift and go to state 153


state 149

    (45) do_stmt -> DO INT_CONST ID ASSIGN expr COMMA . expr
    (50) expr -> . expr PLUS expr
    (51) expr -> . expr MINUS expr
    (52) expr -> . expr STAR expr
    (53) expr -> . expr DIVIDE expr
    (54) expr -> . expr POW expr
    (55) expr -> . expr EQ expr
    (56) expr -> . expr NE expr
    (57) expr -> . expr GT expr
    (58) expr -> . expr GE expr
    (59) expr -> . expr LT expr
    (60) expr -> . expr LE expr
    (61) expr -> . expr AND expr
    (62) expr -> . expr OR expr
    (63) expr -> . MINUS expr
    (64) expr -> . NOT expr
    (65) expr -> . LPAREN expr RPAREN
    (66) expr -> . ID LPAREN arg_list RPAREN
    (67) expr -> . MOD LPAREN arg_list RPAREN
    (68) expr -> . ID
    (69) expr -> . INT_CONST
    (70) expr -> . REAL_CONST
    (71) expr -> . STRING_CONST
    (72) expr -> . TRUE
    (73) expr -> . FALSE

    MINUS           shift and go to state 69
    NOT             shift and go to state 70
    LPAREN          shift and go to state 71
    ID              shift and go to state 67
    MOD             shift and go to state 72
    INT_CONST       shift and go to state 73
    REAL_CONST      shift and go to state 74
    STRING_CONST    shift and go to state 75
    TRUE            shift and go to state 76
    FALSE           shift and go to state 77

    expr                           shift and go to state 154

state 150

    (74) arg_list -> expr COMMA arg_list .

    RPAREN          reduce using rule 74 (arg_list -> expr COMMA arg_list .)


state 151

    (42) read_stmt -> READ STAR COMMA ID LPAREN expr RPAREN .

    INT_CONST       reduce using rule 42 (read_stmt -> READ STAR COMMA ID LPAREN expr RPAREN .)
    ID              reduce using rule 42 (read_stmt -> READ STAR COMMA ID LPAREN expr RPAREN .)
    PRINT           reduce using rule 42 (read_stmt -> READ STAR COMMA ID LPAREN expr RPAREN .)
    READ            reduce using rule 42 (read_stmt -> READ STAR COMMA ID LPAREN expr RPAREN .)
    IF              reduce using rule 42 (read_stmt -> READ STAR COMMA ID LPAREN expr RPAREN .)
    DO              reduce using rule 42 (read_stmt -> READ STAR COMMA ID LPAREN expr RPAREN .)
    CONTINUE        reduce using rule 42 (read_stmt -> READ STAR COMMA ID LPAREN expr RPAREN .)
    GOTO            reduce using rule 42 (read_stmt -> READ STAR COMMA ID LPAREN expr RPAREN .)
    CALL            reduce using rule 42 (read_stmt -> READ STAR COMMA ID LPAREN expr RPAREN .)
    RETURN          reduce using rule 42 (read_stmt -> READ STAR COMMA ID LPAREN expr RPAREN .)
    INTEGER         reduce using rule 42 (read_stmt -> READ STAR COMMA ID LPAREN expr RPAREN .)
    REAL            reduce using rule 42 (read_stmt -> READ STAR COMMA ID LPAREN expr RPAREN .)
    LOGICAL         reduce using rule 42 (read_stmt -> READ STAR COMMA ID LPAREN expr RPAREN .)
    CHARACTER       reduce using rule 42 (read_stmt -> READ STAR COMMA ID LPAREN expr RPAREN .)
    END             reduce using rule 42 (read_stmt -> READ STAR COMMA ID LPAREN expr RPAREN .)
    ELSE            reduce using rule 42 (read_stmt -> READ STAR COMMA ID LPAREN expr RPAREN .)
    ENDIF           reduce using rule 42 (read_stmt -> READ STAR COMMA ID LPAREN expr RPAREN .)


state 152

    (43) if_stmt -> IF LPAREN expr RPAREN THEN statement_list ELSE . statement_list ENDIF
    (13) statement_list -> . statement statement_list
    (14) statement_list -> . empty
    (15) statement -> . label_opt declaration
    (16) statement -> . label_opt assignment
    (17) statement -> . label_opt print_stmt
    (18) statement -> . label_opt read_stmt
    (19) statement -> . label_opt if_stmt
    (20) statement -> . label_opt do_stmt
    (21) statement -> . label_opt continue_stmt
    (22) statement -> . label_opt goto_stmt
    (23) statement -> . label_opt call_stmt
    (24) statement -> . label_opt return_stmt
    (77) empty -> .
    (25) label_opt -> . INT_CONST
    (26) label_opt -> . empty

    ENDIF           reduce using rule 77 (empty -> .)
    ID              reduce using rule 77 (empty -> .)
    PRINT           reduce using rule 77 (empty -> .)
    READ            reduce using rule 77 (empty -> .)
    IF              reduce using rule 77 (empty -> .)
    DO              reduce using rule 77 (empty -> .)
    CONTINUE        reduce using rule 77 (empty -> .)
    GOTO            reduce using rule 77 (empty -> .)
    CALL            reduce using rule 77 (empty -> .)
    RETURN          reduce using rule 77 (empty -> .)
    INTEGER         reduce using rule 77 (empty -> .)
    REAL            reduce using rule 77 (empty -> .)
    LOGICAL         reduce using rule 77 (empty -> .)
    CHARACTER       reduce using rule 77 (empty -> .)
    INT_CONST       shift and go to state 22

    statement_list                 shift and go to state 155
    statement                      shift and go to state 19
    empty                          shift and go to state 20
    label_opt                      shift and go to state 21

state 153

    (44) if_stmt -> IF LPAREN expr RPAREN THEN statement_list ENDIF .

    INT_CONST       reduce using rule 44 (if_stmt -> IF LPAREN expr RPAREN THEN statement_list ENDIF .)
    ID              reduce using rule 44 (if_stmt -> IF LPAREN expr RPAREN THEN statement_list ENDIF .)
    PRINT           reduce using rule 44 (if_stmt -> IF LPAREN expr RPAREN THEN statement_list ENDIF .)
    READ            reduce using rule 44 (if_stmt -> IF LPAREN expr RPAREN THEN statement_list ENDIF .)
    IF              reduce using rule 44 (if_stmt -> IF LPAREN expr RPAREN THEN statement_list ENDIF .)
    DO              reduce using rule 44 (if_stmt -> IF LPAREN expr RPAREN THEN statement_list ENDIF .)
    CONTINUE        reduce using rule 44 (if_stmt -> IF LPAREN expr RPAREN THEN statement_list ENDIF .)
    GOTO            reduce using rule 44 (if_stmt -> IF LPAREN expr RPAREN THEN statement_list ENDIF .)
    CALL            reduce using rule 44 (if_stmt -> IF LPAREN expr RPAREN THEN statement_list ENDIF .)
    RETURN          reduce using rule 44 (if_stmt -> IF LPAREN expr RPAREN THEN statement_list ENDIF .)
    INTEGER         reduce using rule 44 (if_stmt -> IF LPAREN expr RPAREN THEN statement_list ENDIF .)
    REAL            reduce using rule 44 (if_stmt -> IF LPAREN expr RPAREN THEN statement_list ENDIF .)
    LOGICAL         reduce using rule 44 (if_stmt -> IF LPAREN expr RPAREN THEN statement_list ENDIF .)
    CHARACTER       reduce using rule 44 (if_stmt -> IF LPAREN expr RPAREN THEN statement_list ENDIF .)
    END             reduce using rule 44 (if_stmt -> IF LPAREN expr RPAREN THEN statement_list ENDIF .)
    ELSE            reduce using rule 44 (if_stmt -> IF LPAREN expr RPAREN THEN statement_list ENDIF .)
    ENDIF           reduce using rule 44 (if_stmt -> IF LPAREN expr RPAREN THEN statement_list ENDIF .)


state 154

    (45) do_stmt -> DO INT_CONST ID ASSIGN expr COMMA expr .
    (50) expr -> expr . PLUS expr
    (51) expr -> expr . MINUS expr
    (52) expr -> expr . STAR expr
    (53) expr -> expr . DIVIDE expr
    (54) expr -> expr . POW expr
    (55) expr -> expr . EQ expr
    (56) expr -> expr . NE expr
    (57) expr -> expr . GT expr
    (58) expr -> expr . GE expr
    (59) expr -> expr . LT expr
    (60) expr -> expr . LE expr
    (61) expr -> expr . AND expr
    (62) expr -> expr . OR expr

    INT_CONST       reduce using rule 45 (do_stmt -> DO INT_CONST ID ASSIGN expr COMMA expr .)
    ID              reduce using rule 45 (do_stmt -> DO INT_CONST ID ASSIGN expr COMMA expr .)
    PRINT           reduce using rule 45 (do_stmt -> DO INT_CONST ID ASSIGN expr COMMA expr .)
    READ            reduce using rule 45 (do_stmt -> DO INT_CONST ID ASSIGN expr COMMA expr .)
    IF              reduce using rule 45 (do_stmt -> DO INT_CONST ID ASSIGN expr COMMA expr .)
    DO              reduce using rule 45 (do_stmt -> DO INT_CONST ID ASSIGN expr COMMA expr .)
    CONTINUE        reduce using rule 45 (do_stmt -> DO INT_CONST ID ASSIGN expr COMMA expr .)
    GOTO            reduce using rule 45 (do_stmt -> DO INT_CONST ID ASSIGN expr COMMA expr .)
    CALL            reduce using rule 45 (do_stmt -> DO INT_CONST ID ASSIGN expr COMMA expr .)
    RETURN          reduce using rule 45 (do_stmt -> DO INT_CONST ID ASSIGN expr COMMA expr .)
    INTEGER         reduce using rule 45 (do_stmt -> DO INT_CONST ID ASSIGN expr COMMA expr .)
    REAL            reduce using rule 45 (do_stmt -> DO INT_CONST ID ASSIGN expr COMMA expr .)
    LOGICAL         reduce using rule 45 (do_stmt -> DO INT_CONST ID ASSIGN expr COMMA expr .)
    CHARACTER       reduce using rule 45 (do_stmt -> DO INT_CONST ID ASSIGN expr COMMA expr .)
    END             reduce using rule 45 (do_stmt -> DO INT_CONST ID ASSIGN expr COMMA expr .)
    ELSE            reduce using rule 45 (do_stmt -> DO INT_CONST ID ASSIGN expr COMMA expr .)
    ENDIF           reduce using rule 45 (do_stmt -> DO INT_CONST ID ASSIGN expr COMMA expr .)
    PLUS            shift and go to state 90
    MINUS           shift and go to state 91
    STAR            shift and go to state 92
    DIVIDE          shift and go to state 93
    POW             shift and go to state 94
    EQ              shift and go to state 95
    NE              shift and go to state 96
    GT              shift and go to state 97
    GE              shift and go to state 98
    LT              shift and go to state 99
    LE              shift and go to state 100
    AND             shift and go to state 101
    OR              shift and go to state 102


state 155

    (43) if_stmt -> IF LPAREN expr RPAREN THEN statement_list ELSE statement_list . ENDIF

    ENDIF           shift and go to state 156


state 156

    (43) if_stmt -> IF LPAREN expr RPAREN THEN statement_list ELSE statement_list ENDIF .

    INT_CONST       reduce using rule 43 (if_stmt -> IF LPAREN expr RPAREN THEN statement_list ELSE statement_list ENDIF .)
    ID              reduce using rule 43 (if_stmt -> IF LPAREN expr RPAREN THEN statement_list ELSE statement_list ENDIF .)
    PRINT           reduce using rule 43 (if_stmt -> IF LPAREN expr RPAREN THEN statement_list ELSE statement_list ENDIF .)
    READ            reduce using rule 43 (if_stmt -> IF LPAREN expr RPAREN THEN statement_list ELSE statement_list ENDIF .)
    IF              reduce using rule 43 (if_stmt -> IF LPAREN expr RPAREN THEN statement_list ELSE statement_list ENDIF .)
    DO              reduce using rule 43 (if_stmt -> IF LPAREN expr RPAREN THEN statement_list ELSE statement_list ENDIF .)
    CONTINUE        reduce using rule 43 (if_stmt -> IF LPAREN expr RPAREN THEN statement_list ELSE statement_list ENDIF .)
    GOTO            reduce using rule 43 (if_stmt -> IF LPAREN expr RPAREN THEN statement_list ELSE statement_list ENDIF .)
    CALL            reduce using rule 43 (if_stmt -> IF LPAREN expr RPAREN THEN statement_list ELSE statement_list ENDIF .)
    RETURN          reduce using rule 43 (if_stmt -> IF LPAREN expr RPAREN THEN statement_list ELSE statement_list ENDIF .)
    INTEGER         reduce using rule 43 (if_stmt -> IF LPAREN expr RPAREN THEN statement_list ELSE statement_list ENDIF .)
    REAL            reduce using rule 43 (if_stmt -> IF LPAREN expr RPAREN THEN statement_list ELSE statement_list ENDIF .)
    LOGICAL         reduce using rule 43 (if_stmt -> IF LPAREN expr RPAREN THEN statement_list ELSE statement_list ENDIF .)
    CHARACTER       reduce using rule 43 (if_stmt -> IF LPAREN expr RPAREN THEN statement_list ELSE statement_list ENDIF .)
    END             reduce using rule 43 (if_stmt -> IF LPAREN expr RPAREN THEN statement_list ELSE statement_list ENDIF .)
    ELSE            reduce using rule 43 (if_stmt -> IF LPAREN expr RPAREN THEN statement_list ELSE statement_list ENDIF .)
    ENDIF           reduce using rule 43 (if_stmt -> IF LPAREN expr RPAREN THEN statement_list ELSE statement_list ENDIF .)

